uniqueID,wudget,quantityAdj,pricePer,totalPricePaid,totalTaxesPaid,shipPrice,listPrice,currencyID,categoryID,listingType,auction,quantityBid,startTime,endTime,fixedTime,day,gmtHour,shippedTime,totalFeedbackN,positiveFeedbackPercent,city,state,postalCode,conditionInfo,orderStatus
1,A,1,19.53,19.53,0,4.53,15,USD,175837,FixedPriceItem,FALSE,0,3/17/19 5:17,3/17/19 5:17,3/17/19 5:17,Sunday,5:00 AM,3/26/19 22:43,723,100,Laramie,Wyoming,82073,Used,D
2,A,1,18,18,0,0,18,USD,175837,FixedPriceItem,FALSE,0,5/30/19 1:22,5/30/19 1:24,5/30/19 1:24,Thursday,1:00 AM,5/30/19 9:38,459,100,Rock Springs,Wyoming,82901,Used,D
3,A,1,15.82,15.82,0,4.53,15,USD,175837,FixedPriceItem,FALSE,0,3/25/19 23:39,3/25/19 23:39,3/25/19 23:39,Monday,11:00 PM,3/26/19 19:36,723,100,Laramie,Wyoming,82073,Used,D
4,C,1,29.98,29.98,0,0,29.98,USD,9972,FixedPriceItem,FALSE,0,2/16/19 22:23,4/15/19 18:08,,Saturday,12:00 AM,2/19/19 13:49,1288,100,Milwaukee,Wisconsin,53220,Used,D
5,A,1,26,26,0,0,26,USD,175837,FixedPriceItem,FALSE,0,2/8/19 1:32,2/8/19 1:32,2/8/19 1:32,Friday,1:00 AM,2/8/19 16:54,830,100,Milwaukee,Wisconsin,53219,New,D
6,A,1,21,21,0,7,14,USD,175837,FixedPriceItem,FALSE,0,1/24/19 4:31,1/24/19 4:31,1/24/19 4:31,Thursday,4:00 AM,1/24/19 5:00,101,0,De Pere,Wisconsin,54115,Used,D
7,A,1,20.77,20.77,0,3.82,16.95,USD,175837,FixedPriceItem,FALSE,0,3/10/19 23:54,3/10/19 23:54,3/10/19 23:54,Sunday,11:00 PM,3/11/19 0:09,4063,99.8,Stoughton,Wisconsin,53589,Used,D
8,A,1,20,20,0,0,20,USD,175837,FixedPriceItem,FALSE,0,3/1/19 6:09,3/1/19 6:09,3/1/19 6:09,Friday,6:00 AM,3/5/19 1:38,292,92.4,Milwaukee,Wisconsin,53220,Used,D
9,A,1,19.99,19.99,0,0,19.99,USD,175837,FixedPriceItem,FALSE,0,5/2/19 0:49,5/2/19 12:49,5/2/19 12:49,Thursday,12:00 PM,5/2/19 20:41,25,100,Eau Claire,Wisconsin,54703,Used,D
10,A,1,19.98,19.98,0,4.99,14.99,USD,175837,FixedPriceItem,FALSE,0,5/5/19 15:01,5/5/19 15:05,5/5/19 15:05,Sunday,3:00 PM,5/6/19 17:21,46,100,Watertown,Wisconsin,53098,Used,D
11,A,1,19.95,19.95,0,0,19.95,USD,175837,FixedPriceItem,FALSE,0,6/5/19 2:55,6/5/19 2:30,6/5/19 2:30,Wednesday,2:00 AM,6/5/19 11:56,764,100,Milwaukee,Wisconsin,53210,Used,D
12,A,1,19.89,19.89,0,4.39,15.5,USD,175837,Chinese,TRUE,2,4/4/19 20:38,4/4/19 20:38,4/4/19 20:38,Thursday,8:00 PM,4/10/19 12:36,156,100,Genoa City,Wisconsin,53128,Used,D
13,A,1,19.89,19.89,0,4.39,15.5,USD,175837,FixedPriceItem,FALSE,0,4/28/19 18:11,4/28/19 18:23,4/28/19 18:23,Sunday,6:00 PM,4/28/19 20:35,582,100,Madison,Wisconsin,53705,Used,D
14,A,1,19.38,19.38,0,4.39,14.99,USD,175837,FixedPriceItem,FALSE,0,6/9/19 16:43,6/9/19 16:47,6/9/19 16:47,Sunday,4:00 PM,6/10/19 18:21,10296,99.5,Hartland,Wisconsin,53029,Used,D
15,A,1,18.74,18.74,0,3.74,15,USD,175837,Chinese,FALSE,1,4/17/19 2:25,4/17/19 2:25,4/17/19 2:25,Wednesday,2:00 AM,4/17/19 12:29,191,100,Holmen,Wisconsin,54636,Used,D
16,A,1,14.95,14.95,0,0,14.95,USD,175837,FixedPriceItem,FALSE,0,6/6/19 23:59,6/7/19 0:05,6/7/19 0:05,Friday,12:00 AM,6/7/19 8:49,1509,98.4,Green Bay,Wisconsin,54304,Used,D
17,A,1,19.49,19.49,0,4.49,15,USD,175837,Chinese,FALSE,1,3/30/19 17:21,3/30/19 17:21,3/30/19 17:21,Saturday,5:00 PM,3/31/19 5:25,0,0,Morgantown,West Virginia,26505,Used,D
18,A,1,18.24,18.24,0,3.25,14.99,USD,2228,FixedPriceItem,FALSE,0,5/20/19 19:15,5/20/19 19:28,5/20/19 19:28,Monday,7:00 PM,5/21/19 19:22,701,99.3,Princeton,West Virginia,24740,Like New,D
19,A,5,19.15,95.75,0,15.75,80,USD,175837,FixedPriceItem,FALSE,0,5/17/19 19:55,5/17/19 20:39,5/17/19 20:39,Friday,8:00 PM,\N,62,95.5,Albion,Washington,99102,Used,D
20,C,2,13.065,26.13,0,6.13,20,USD,9972,FixedPriceItem,FALSE,0,5/26/19 15:55,5/27/19 20:20,,Saturday,12:00 AM,5/31/19 9:49,65,95.7,Albion,Washington,99102,Used,D
21,C,1,24.99,24.99,0,0,24.99,USD,9972,FixedPriceItem,FALSE,0,4/27/19 21:41,4/27/19 21:45,,Saturday,12:00 AM,4/28/19 23:21,27,100,Seattle,Washington,98188,Used,D
22,P,1,24.44,24.44,0,3.94,20.5,USD,175837,Chinese,TRUE,7,3/1/19 0:05,3/1/19 0:05,3/1/19 0:05,Friday,12:00 AM,3/9/19 7:22,2311,100,Seattle,Washington,98168,Used,D
23,A,1,20.24,20.24,0,3.24,17,USD,175837,Chinese,FALSE,1,1/11/19 23:24,1/11/19 23:24,1/11/19 23:24,Friday,11:00 PM,1/15/19 0:16,884,100,Seattle,Washington,98122,Used,D
24,A,1,20,20,0,0,20,USD,175837,FixedPriceItem,FALSE,0,4/15/19 18:08,4/15/19 18:08,4/15/19 18:08,Monday,6:00 PM,4/15/19 20:19,5306,100,Oroville,Washington,98844,Open box,D
25,A,1,20,20,0,0,20,USD,175837,FixedPriceItem,FALSE,0,2/21/19 17:22,2/21/19 17:22,2/21/19 17:22,Thursday,5:00 PM,2/22/19 21:32,25,100,Vancouver,Washington,98683,Used,D
26,A,1,19.99,19.99,0,0,19.99,USD,175837,FixedPriceItem,FALSE,0,3/1/19 21:26,3/1/19 21:26,3/1/19 21:26,Friday,9:00 PM,3/1/19 21:54,3248,99.6,Woodinville,Washington,98072,Used,D
27,A,1,19.98,19.98,0,2.99,16.99,USD,175837,FixedPriceItem,FALSE,0,3/3/19 2:21,3/3/19 2:21,3/3/19 2:21,Sunday,2:00 AM,3/3/19 2:58,117,96.8,Everett,Washington,98208,Used,D
28,A,1,19.95,19.95,0,0,19.95,USD,175837,FixedPriceItem,FALSE,0,5/22/19 18:30,5/22/19 18:34,5/22/19 18:34,Wednesday,6:00 PM,5/22/19 23:11,647,99.2,Spokane,Washington,99223,Used,D
29,A,1,18,18,0,0,18,USD,175837,FixedPriceItem,FALSE,0,5/8/19 17:57,5/8/19 18:02,5/8/19 18:02,Wednesday,6:00 PM,5/9/19 23:33,328,100,Spokane,Washington,99202,Used,D
30,A,1,18,18,0,0,18,USD,175837,FixedPriceItem,FALSE,0,4/16/19 20:13,4/16/19 20:13,4/16/19 20:13,Tuesday,8:00 PM,4/16/19 23:44,1483,100,Lynnwood,Washington,98036,Used,D
31,A,1,17.99,17.99,0,3,14.99,USD,175837,Chinese,FALSE,1,3/12/19 2:30,3/12/19 2:30,3/12/19 2:30,Tuesday,2:00 AM,3/19/19 2:49,23148,99.6,Vancouver,Washington,98682,Used,D
32,A,1,15.69,15.69,0,4.69,11,USD,175837,Chinese,FALSE,1,6/4/19 18:58,6/4/19 19:02,6/4/19 19:02,Tuesday,7:00 PM,6/5/19 8:49,3,100,Puyallup,Washington,98374,Used,D
33,A,1,15,15,0,0.01,15,USD,175837,FixedPriceItem,FALSE,0,4/26/19 7:43,4/26/19 7:48,4/26/19 7:48,Friday,7:00 AM,4/26/19 21:48,57,98.3,Albion,Washington,99102,Used,D
34,A,1,14.95,14.95,0,0,14.95,USD,175837,FixedPriceItem,FALSE,0,7/5/19 18:04,7/5/19 18:19,7/5/19 18:19,Friday,6:00 PM,7/6/19 1:51,2275,99.6,Spokane,Washington,99203,Used,O
35,A,1,14.95,14.95,0,0,14.95,USD,175837,FixedPriceItem,FALSE,0,7/3/19 18:18,7/3/19 18:23,7/3/19 18:23,Wednesday,6:00 PM,7/3/19 21:13,2274,99.6,Spokane,Washington,99203,Used,O
36,A,1,19.99,19.99,0,0,19.99,USD,61312,FixedPriceItem,FALSE,0,1/17/19 19:33,1/17/19 19:33,1/17/19 19:33,Thursday,7:00 PM,1/17/19 19:55,11343,99.8,Woodinville,Washington,\N,Used,D
37,A,1,20.5,20.5,0,7.5,13,USD,175837,FixedPriceItem,FALSE,0,2/27/19 16:38,2/27/19 16:38,2/27/19 16:38,Wednesday,4:00 PM,2/27/19 19:58,81,100,Ashland,Virginia,23005,Used,D
38,A,1,20,20,0,0,20,USD,175837,Chinese,FALSE,1,3/19/19 15:42,3/19/19 15:42,3/19/19 15:42,Tuesday,3:00 PM,3/20/19 14:59,29,100,Blacksburg,Virginia,24060,Used,D
39,A,1,20,20,0,0,20,USD,175837,FixedPriceItem,FALSE,0,5/7/19 18:43,5/7/19 18:48,5/7/19 18:48,Tuesday,6:00 PM,5/7/19 19:00,174,0,Richmond,Virginia,23236,Used,D
40,A,1,20,20,0,3,17,USD,2228,FixedPriceItem,FALSE,0,1/8/19 15:08,1/8/19 15:08,1/8/19 15:08,Tuesday,3:00 PM,\N,106,0,Fredericksburg,Virginia,22408,Like New,D
41,A,1,19.99,19.99,0,0,19.99,USD,175837,FixedPriceItem,FALSE,0,3/28/19 17:08,3/28/19 17:08,3/28/19 17:08,Thursday,5:00 PM,3/28/19 18:30,47,100,Reston,Virginia,20190,Used,D
42,A,1,19.99,19.99,0,0,19.99,USD,175837,FixedPriceItem,FALSE,0,5/5/19 22:25,5/8/19 13:10,5/8/19 13:10,Wednesday,1:00 PM,5/8/19 14:06,375,99.3,Woodbridge,Virginia,22191,Open box,D
43,A,1,19.99,19.99,0,0,19.99,USD,175837,FixedPriceItem,FALSE,0,5/28/19 0:17,5/28/19 0:21,5/28/19 0:21,Tuesday,12:00 AM,5/30/19 6:28,931,99.7,Lorton,Virginia,22079,Used,D
44,A,1,19.49,19.49,0,4.49,15,USD,175837,FixedPriceItem,FALSE,0,6/11/19 2:03,6/11/19 2:13,6/11/19 2:13,Tuesday,2:00 AM,6/11/19 10:55,27,100,Vinton,Virginia,24179,Used,D
45,A,1,18.5,18.5,0,8,10.5,USD,175837,Chinese,TRUE,2,5/31/19 13:13,6/7/19 13:13,6/7/19 13:13,Friday,1:00 PM,6/8/19 0:34,7,100,Chesapeake,Virginia,23322,Used,D
46,A,1,16,16,0,0,16,USD,2228,FixedPriceItem,FALSE,0,4/3/19 21:11,4/3/19 21:11,4/3/19 21:11,Wednesday,9:00 PM,4/5/19 18:31,22,100,Springfield,Virginia,22153,Like New,D
47,A,1,20,20,0,0,20,USD,175837,FixedPriceItem,FALSE,0,6/11/19 0:04,6/11/19 0:09,6/11/19 0:09,Tuesday,12:00 AM,6/12/19 2:38,368,99.4,Provo,Utah,84604,Used,D
48,A,1,19.99,19.99,0,0,19.99,USD,175837,FixedPriceItem,FALSE,0,3/15/19 20:28,3/15/19 20:28,3/15/19 20:28,Friday,8:00 PM,3/16/19 16:56,15438,99.4,Draper,Utah,84020,Used,D
49,A,1,19.97,19.97,0,0,19.97,USD,175837,FixedPriceItem,FALSE,0,5/19/19 2:56,5/19/19 3:00,5/19/19 3:00,Sunday,3:00 AM,5/19/19 13:35,379,100,St. George,Utah,84790,Used,D
50,A,1,13.99,13.99,0,0,13.99,USD,175837,FixedPriceItem,FALSE,0,1/12/19 3:41,1/12/19 3:41,1/12/19 3:41,Saturday,3:00 AM,1/12/19 6:36,70,98.6,Hyrum,Utah,84319,Used,D
51,A,26,10.30769231,268,0,18,250,USD,175837,FixedPriceItem,FALSE,0,4/13/19 18:25,4/13/19 18:25,4/13/19 18:25,Saturday,6:00 PM,4/13/19 20:03,364,100,San Antonio,Texas,78239,Used,D
52,C,1,29.5,29.5,0,0,29.5,USD,9972,FixedPriceItem,FALSE,0,3/4/19 2:17,4/15/19 18:08,,Saturday,12:00 AM,3/4/19 18:25,166,100,Houston,Texas,77082,Used,D
53,C,1,24.99,24.99,0,0,24.99,USD,9972,FixedPriceItem,FALSE,0,6/29/19 15:31,6/29/19 15:41,,Saturday,12:00 AM,6/30/19 21:16,3580,100,Boerne,Texas,78006,Used,O
54,C,1,24.98,24.98,0,4.99,19.99,USD,9972,FixedPriceItem,FALSE,0,5/22/19 20:24,5/22/19 20:32,,Saturday,12:00 AM,5/23/19 5:18,3361,98.8,Mount Vernon,Texas,75457,Used,D
55,A,1,20.52,20.52,0,4.53,15.99,USD,2228,FixedPriceItem,FALSE,0,2/24/19 17:08,2/24/19 17:08,2/24/19 17:08,Sunday,5:00 PM,3/9/19 18:10,1,100,Cleburne,Texas,76033,Very Good,D
56,A,1,20,20,0,0,20,USD,175837,FixedPriceItem,FALSE,0,5/23/19 3:15,5/23/19 3:20,5/23/19 3:20,Thursday,3:00 AM,5/24/19 0:27,4,100,Austin,Texas,78751,Used,D
57,A,1,20,20,0,0,20,USD,102955,FixedPriceItem,FALSE,0,2/14/19 3:32,2/14/19 3:32,2/14/19 3:32,Thursday,3:00 AM,2/28/19 15:23,286,100,Woodway,Texas,76712,Pre-owned,D
58,A,1,20,20,0,3.5,16.5,USD,175837,FixedPriceItem,FALSE,0,3/10/19 2:28,3/10/19 2:28,3/10/19 2:28,Sunday,2:00 AM,3/10/19 13:55,282,100,College Station,Texas,77840,Used,D
59,A,1,20,20,0,0,20,USD,175837,FixedPriceItem,FALSE,0,4/29/19 2:44,4/29/19 2:49,4/29/19 2:49,Monday,2:00 AM,4/29/19 15:53,9,100,College Station,Texas,77840,Used,D
60,A,1,19.99,19.99,0,0,19.99,USD,175837,FixedPriceItem,FALSE,0,5/10/19 1:02,5/10/19 1:07,5/10/19 1:07,Friday,1:00 AM,5/10/19 11:42,77,100,Austin,Texas,78727,Used,D
61,A,1,19.99,19.99,0,0,19.99,USD,175837,FixedPriceItem,FALSE,0,5/15/19 21:22,5/15/19 21:25,5/15/19 21:25,Wednesday,9:00 PM,5/16/19 5:35,3823,99.3,Burleson,Texas,76028,Used,D
62,A,1,19.99,19.99,0,0,19.99,USD,175837,FixedPriceItem,FALSE,0,4/3/19 23:49,4/3/19 23:49,4/3/19 23:49,Wednesday,11:00 PM,4/6/19 9:41,0,0,San Antonio,Texas,78216,Used,D
63,A,1,19.99,19.99,0,0,19.99,USD,175837,FixedPriceItem,FALSE,0,5/25/19 1:49,5/25/19 1:53,5/25/19 1:53,Saturday,1:00 AM,5/29/19 3:32,15,100,San Antonio,Texas,78249,New,D
64,A,1,19.99,19.99,0,0,19.99,USD,175837,FixedPriceItem,FALSE,0,5/27/19 19:29,5/27/19 19:34,5/27/19 19:34,Monday,7:00 PM,5/28/19 20:41,17,100,Bryan,Texas,77807,Used,D
65,A,1,19.99,19.99,0,0,19.99,USD,175837,FixedPriceItem,FALSE,0,3/3/19 18:36,3/3/19 18:36,3/3/19 18:36,Sunday,6:00 PM,3/4/19 8:08,472,98.8,Dallas,Texas,75217,Used,D
66,A,1,19.87,19.87,0,4.57,15.3,USD,175837,FixedPriceItem,FALSE,0,6/9/19 18:01,6/9/19 18:05,6/9/19 18:05,Sunday,6:00 PM,6/14/19 1:07,35,100,San Antonio,Texas,78216,Used,O
67,A,1,19.57,19.57,0,4.57,15,USD,175837,FixedPriceItem,FALSE,0,3/29/19 18:04,3/29/19 18:04,3/29/19 18:04,Friday,6:00 PM,3/29/19 23:23,231,100,Edinburg,Texas,78542,Used,D
68,A,1,19.53,19.53,0,4.53,15,USD,175837,FixedPriceItem,FALSE,0,3/7/19 5:52,3/7/19 5:52,3/7/19 5:52,Thursday,5:00 AM,3/12/19 4:19,6,87.5,Austin,Texas,78705,Used,D
69,A,1,19.33,19.33,0,4.53,14.8,USD,175837,FixedPriceItem,FALSE,0,6/10/19 23:49,6/10/19 23:53,6/10/19 23:53,Monday,11:00 PM,6/12/19 16:45,1,100,Allen,Texas,75002,Used,D
70,A,1,19,19,0,0,19,USD,175837,FixedPriceItem,FALSE,0,3/31/19 20:44,3/31/19 20:44,3/31/19 20:44,Sunday,8:00 PM,4/2/19 12:37,3613,98.8,Port Neches,Texas,77651,Used,D
71,A,1,18.99,18.99,0,0,18.99,USD,2228,FixedPriceItem,FALSE,0,3/18/19 18:33,3/18/19 18:33,3/18/19 18:33,Monday,6:00 PM,3/18/19 20:48,42,0,New Braunfels,Texas,78132,Like New,D
72,A,1,18.5,18.5,0,3.5,15,USD,175837,Chinese,FALSE,1,6/3/19 22:06,6/3/19 22:10,6/3/19 22:10,Monday,10:00 PM,6/4/19 23:28,167,100,College Station,Texas,77840,Used,D
73,A,1,18.5,18.5,0,7.5,11,USD,175837,FixedPriceItem,FALSE,0,6/10/19 0:51,6/10/19 0:58,6/10/19 0:58,Monday,12:00 AM,6/11/19 22:18,366,99.2,Moody,Texas,76557,Used,D
74,A,1,17.95,17.95,0,0,17.95,USD,175837,FixedPriceItem,FALSE,0,5/9/19 1:50,5/9/19 2:05,5/9/19 2:05,Thursday,2:00 AM,5/9/19 21:29,3812,99.3,Burleson,Texas,76028,Used,D
75,A,1,17,17,0,0,17,USD,175837,FixedPriceItem,FALSE,0,6/26/19 21:24,6/26/19 21:41,6/26/19 21:41,Wednesday,9:00 PM,6/27/19 23:59,244,97.7,San Antonio,Texas,78250,Used,O
76,A,1,16.73,16.73,0,4.53,12.2,USD,175837,Chinese,TRUE,2,3/5/19 4:50,3/5/19 4:50,3/5/19 4:50,Tuesday,4:00 AM,3/21/19 20:43,2,100,Austin,Texas,78701,Used,D
77,A,1,15,15,0,4,11,USD,175837,Chinese,TRUE,2,3/14/19 17:11,3/14/19 17:11,3/14/19 17:11,Thursday,5:00 PM,3/21/19 23:55,1064,100,San Antonio,Texas,78240,Used,D
78,A,1,15,15,0,0,15,USD,175837,FixedPriceItem,FALSE,0,3/11/19 2:10,3/11/19 2:10,3/11/19 2:10,Monday,2:00 AM,3/11/19 2:15,380,100,San Antonio,Texas,78230,Used,D
79,A,1,14.99,14.99,0,0,14.99,USD,175837,FixedPriceItem,FALSE,0,3/27/19 21:09,3/27/19 21:09,3/27/19 21:09,Wednesday,9:00 PM,3/27/19 21:15,1399,99.5,Houston,Texas,77074,Used,D
80,A,1,14.99,14.99,0,0,14.99,USD,175837,FixedPriceItem,FALSE,0,5/7/19 20:50,5/7/19 20:55,5/7/19 20:55,Tuesday,8:00 PM,5/9/19 3:13,1600,100,San Antonio,Texas,78249,Used,D
81,A,1,14.98,14.98,0,4.99,9.99,USD,175837,FixedPriceItem,FALSE,0,2/2/19 17:04,2/2/19 17:04,2/2/19 17:04,Saturday,5:00 PM,2/4/19 22:38,3174,99.4,Mesquite,Texas,75150,Used,D
82,A,1,14.53,14.53,0,4.53,10,USD,175837,Chinese,FALSE,1,5/3/19 0:08,5/3/19 0:39,5/3/19 0:39,Friday,12:00 AM,5/3/19 14:29,6,100,Fort Worth,Texas,76137,Used,D
83,A,1,13.83,13.83,0,4.53,9.3,USD,175837,Chinese,TRUE,2,5/30/19 21:08,6/6/19 21:08,6/6/19 21:08,Thursday,9:00 PM,6/8/19 5:10,0,0,Fort Worth,Texas,76109,Used,D
84,A,1,20.25,20.25,0,2.75,17.5,USD,2228,Chinese,FALSE,1,5/10/19 23:42,5/10/19 23:48,5/10/19 23:48,Friday,11:00 PM,5/13/19 7:42,227,100,Cleveland,Tennessee,37312,Good,D
85,A,1,20,20,0,0,20,USD,175837,FixedPriceItem,FALSE,0,3/23/19 21:48,3/23/19 21:48,3/23/19 21:48,Saturday,9:00 PM,3/24/19 20:17,1055,100,Hendersonville,Tennessee,37075,Used,D
86,A,1,19.99,19.99,0,0,19.99,USD,175837,FixedPriceItem,FALSE,0,5/29/19 4:49,5/29/19 2:30,5/29/19 2:30,Wednesday,2:00 AM,5/29/19 13:57,2019,99.8,Hendersonville,Tennessee,37075,Used,D
87,A,1,19.49,19.49,0,4.49,15,USD,175837,Chinese,FALSE,1,5/11/19 21:39,5/11/19 21:44,5/11/19 21:44,Saturday,9:00 PM,5/12/19 6:19,162,100,Hendersonville,Tennessee,37075,Used,D
88,A,1,19.49,19.49,0,4.49,15,USD,175837,FixedPriceItem,FALSE,0,6/12/19 17:18,6/12/19 17:24,6/12/19 17:24,Wednesday,5:00 PM,6/14/19 17:50,144,93.6,Memphis,Tennessee,38134,Used,D
89,A,1,19.49,19.49,0,4.49,15,USD,175837,FixedPriceItem,FALSE,0,3/28/19 23:18,3/28/19 23:18,3/28/19 23:18,Thursday,11:00 PM,3/29/19 0:32,13911,99.8,Memphis,Tennessee,38135,Used,D
90,A,1,18.99,18.99,0,0,18.99,USD,175837,FixedPriceItem,FALSE,0,4/9/19 20:25,4/9/19 20:25,4/9/19 20:25,Tuesday,8:00 PM,4/9/19 20:44,718,99.7,Memphis,Tennessee,38108,Used,D
91,A,1,20.7,20.7,0,6.7,14,USD,2228,FixedPriceItem,FALSE,0,1/12/19 16:38,1/12/19 16:38,1/12/19 16:38,Saturday,4:00 PM,1/14/19 16:20,8,100,Columbia,South Carolina,29210,Like New,D
92,A,1,20,20,0,0,20,USD,175837,FixedPriceItem,FALSE,0,2/5/19 20:39,2/5/19 20:39,2/5/19 20:39,Tuesday,8:00 PM,2/6/19 16:34,139,100,Greenville,South Carolina,29607,Used,D
93,A,1,20,20,0,0,20,USD,175837,FixedPriceItem,FALSE,0,5/15/19 15:19,5/15/19 15:24,5/15/19 15:24,Wednesday,3:00 PM,5/16/19 19:18,22,85.7,Greenville,South Carolina,29601,Used,D
94,A,1,19.99,19.99,0,0,19.99,USD,175837,FixedPriceItem,FALSE,0,2/27/19 16:39,2/27/19 16:39,2/27/19 16:39,Wednesday,4:00 PM,2/28/19 19:04,8928,99.5,Moncks Corner,South Carolina,29461,Used,D
95,A,1,19.81,19.81,0,4.53,15.28,USD,175837,Chinese,TRUE,5,6/1/19 0:28,6/8/19 0:28,6/8/19 0:28,Saturday,12:00 AM,6/8/19 20:34,20,100,Charleston,South Carolina,29412,Used,D
96,A,1,18.99,18.99,0,0,18.99,USD,175837,FixedPriceItem,FALSE,0,5/8/19 21:41,5/8/19 21:45,5/8/19 21:45,Wednesday,9:00 PM,5/9/19 20:48,908,98.8,Belton,South Carolina,29627,Used,D
97,A,1,18,18,0,0,18,USD,175837,FixedPriceItem,FALSE,0,5/21/19 20:55,5/21/19 20:59,5/21/19 20:59,Tuesday,8:00 PM,5/22/19 23:18,502,100,Anderson,South Carolina,29621,Used,D
98,A,1,15.99,15.99,0,4,11.99,USD,175837,Chinese,FALSE,1,7/3/19 0:59,7/3/19 1:04,7/3/19 1:04,Wednesday,1:00 AM,7/3/19 16:15,5032,99.7,Greenville,South Carolina,29611,Used,O
99,A,1,18.93,18.93,0,4.53,14.4,USD,175837,Chinese,FALSE,1,6/13/19 16:21,6/13/19 16:25,6/13/19 16:25,Thursday,4:00 PM,6/14/19 0:35,0,0,Riverside,Rhode Island,2915,Used,D
100,C,1,25.43,25.43,0,5.44,19.99,USD,9972,FixedPriceItem,FALSE,0,5/29/19 22:32,5/29/19 22:41,,Saturday,12:00 AM,5/30/19 9:27,55,100,Allentown,Pennsylvania,18104,Used,D
101,C,1,25,25,0,0,25,USD,908,FixedPriceItem,FALSE,0,1/25/19 16:43,5/7/19 1:38,,Saturday,12:00 AM,5/13/19 23:33,24,100,Philadelphia,Pennsylvania,19115,Used,S
102,A,1,19.99,19.99,0,0,19.99,USD,175837,FixedPriceItem,FALSE,0,5/1/19 0:16,5/1/19 0:21,5/1/19 0:21,Wednesday,12:00 AM,5/1/19 1:08,24,100,State College,Pennsylvania,16801,Used,D
103,A,1,19.79,19.79,0,4.49,15.3,USD,175837,Chinese,FALSE,1,5/13/19 0:12,5/13/19 0:18,5/13/19 0:18,Monday,12:00 AM,5/13/19 8:46,833,100,Hamburg,Pennsylvania,19526,Used,D
104,A,1,19.49,19.49,0,4.49,15,USD,175837,FixedPriceItem,FALSE,0,5/6/19 0:53,5/6/19 0:58,5/6/19 0:58,Monday,12:00 AM,5/6/19 1:09,140,100,Rimersburg,Pennsylvania,16248,Used,D
105,A,1,18.75,18.75,0,3.75,15,USD,175837,FixedPriceItem,FALSE,0,1/13/19 18:37,1/13/19 18:37,1/13/19 18:37,Sunday,6:00 PM,1/13/19 18:45,6,100,Berwyn,Pennsylvania,19312,Used,D
106,A,1,18.2,18.2,0,0,18.2,USD,11442,FixedPriceItem,FALSE,0,6/24/19 7:56,6/29/19 2:30,6/29/19 2:30,Saturday,2:00 AM,7/2/19 14:58,7,100,Youngwood,Pennsylvania,15697,Like New,O
107,A,1,16.49,16.49,0,4.49,12,USD,175837,FixedPriceItem,FALSE,0,1/31/19 17:56,1/31/19 17:56,1/31/19 17:56,Thursday,5:00 PM,2/4/19 12:06,0,0,Lancaster,Pennsylvania,17603,Used,D
108,P,4,15,60,0,0,60,USD,2228,FixedPriceItem,FALSE,0,1/22/19 21:37,1/22/19 21:37,1/22/19 21:37,Tuesday,9:00 PM,1/23/19 23:19,1005,98.8,Portland,Oregon,97202,Very Good,D
109,A,2,18,36,0,0,36,USD,2228,FixedPriceItem,FALSE,0,2/11/19 1:42,2/11/19 1:42,2/11/19 1:42,Monday,1:00 AM,2/11/19 18:27,11137,100,North Bend,Oregon,97459,Very Good,D
110,A,1,21,21,0,0,21,USD,2228,FixedPriceItem,FALSE,0,2/9/19 6:22,2/9/19 6:22,2/9/19 6:22,Saturday,6:00 AM,2/23/19 5:12,486,100,Eugene,Oregon,97401,Very Good,D
111,A,1,20,20,0,0,20,USD,175837,FixedPriceItem,FALSE,0,6/3/19 15:17,6/3/19 16:17,6/3/19 16:17,Monday,4:00 PM,6/4/19 2:58,157,100,Eugene,Oregon,97402,New,D
112,A,1,20,20,0,0,20,USD,175837,FixedPriceItem,FALSE,0,5/29/19 20:42,5/29/19 20:50,5/29/19 20:50,Wednesday,8:00 PM,5/29/19 21:37,160,100,Portland,Oregon,97233,Used,D
113,A,1,20,20,0,0,20,USD,2228,FixedPriceItem,FALSE,0,5/31/19 23:25,5/31/19 23:43,5/31/19 23:43,Friday,11:00 PM,6/2/19 9:04,16,100,Portland,Oregon,97206,Very Good,D
114,A,1,20,20,0,0,20,USD,175837,FixedPriceItem,FALSE,0,3/18/19 20:29,3/18/19 20:29,3/18/19 20:29,Monday,8:00 PM,3/18/19 20:56,388,100,Eugene,Oregon,97402,Used,D
115,A,1,19.99,19.99,0,0,19.99,USD,2228,FixedPriceItem,FALSE,0,5/23/19 0:45,5/23/19 0:49,5/23/19 0:49,Thursday,12:00 AM,5/23/19 22:31,2278,100,Independence,Oregon,97351,Very Good,D
116,A,1,19.99,19.99,0,0,19.99,USD,175837,FixedPriceItem,FALSE,0,5/30/19 22:14,5/30/19 22:18,5/30/19 22:18,Thursday,10:00 PM,5/31/19 6:20,2191,99.7,Eugene,Oregon,97408,Used,D
117,A,1,19.99,19.99,0,0,19.99,USD,175837,FixedPriceItem,FALSE,0,5/29/19 17:45,5/30/19 22:26,5/30/19 22:26,Thursday,10:00 PM,5/31/19 6:31,2191,99.7,Eugene,Oregon,97408,Used,D
118,A,1,19.69,19.69,0,4.69,15,USD,175837,FixedPriceItem,FALSE,0,3/16/19 2:54,3/16/19 2:54,3/16/19 2:54,Saturday,2:00 AM,3/17/19 1:16,1,100,Beaverton,Oregon,97005,New other ,D
119,A,1,18.99,18.99,0,0,18.99,USD,175837,FixedPriceItem,FALSE,0,3/8/19 20:22,3/8/19 20:22,3/8/19 20:22,Friday,8:00 PM,3/8/19 21:01,2242,98.8,Springfield,Oregon,97478,Used,D
120,A,1,18.98,18.98,0,0,18.98,USD,175837,FixedPriceItem,FALSE,0,5/22/19 3:37,5/22/19 3:42,5/22/19 3:42,Wednesday,3:00 AM,5/22/19 15:43,285,100,Portland,Oregon,97203,Used,D
121,A,1,18.69,18.69,0,4.69,14,USD,175837,Chinese,FALSE,1,2/25/19 1:51,2/25/19 1:51,2/25/19 1:51,Monday,1:00 AM,3/4/19 19:52,73,98.3,Medford,Oregon,97501,Used,D
122,A,1,18,18,0,4,14,USD,175837,FixedPriceItem,FALSE,0,2/20/19 22:30,2/20/19 22:30,2/20/19 22:30,Wednesday,10:00 PM,2/21/19 23:46,12388,99.8,Portland,Oregon,97206,Used,D
123,A,1,18,18,0,0,18,USD,11442,FixedPriceItem,FALSE,0,6/25/19 0:28,6/25/19 0:33,6/25/19 0:33,Tuesday,12:00 AM,6/25/19 20:48,11443,100,North Bend,Oregon,97459,Very Good,O
124,A,1,17.95,17.95,0,0,17.95,USD,175837,FixedPriceItem,FALSE,0,4/22/19 17:51,4/22/19 17:51,4/22/19 17:51,Monday,5:00 PM,4/23/19 2:59,1202,100,Portland,Oregon,97202,Used,D
125,A,1,17,17,0,0,17,USD,175837,FixedPriceItem,FALSE,0,6/10/19 20:01,6/10/19 20:05,6/10/19 20:05,Monday,8:00 PM,6/10/19 22:13,1071,100,Eugene,Oregon,97405,Used,D
126,A,1,16.5,16.5,0,6.5,10,USD,175837,FixedPriceItem,FALSE,0,1/1/19 8:23,1/1/19 8:23,1/1/19 8:23,Tuesday,8:00 AM,1/4/19 17:13,9,100,Eugene,Oregon,97402,Used,D
127,A,1,15.18,15.18,0,4.69,10.49,USD,175837,Chinese,TRUE,2,6/1/19 0:04,6/8/19 0:04,6/8/19 0:04,Saturday,12:00 AM,6/8/19 17:12,11,0,West Linn,Oregon,97068,Used,D
128,A,6,18.33333333,110,0,0,110,USD,175837,FixedPriceItem,FALSE,0,6/26/19 18:43,6/26/19 20:11,6/26/19 20:11,Wednesday,8:00 PM,6/27/19 22:26,10,100,Kingston,Ontario,0,Used,O
129,A,2,19.99,39.98,0,0,39.98,USD,175837,FixedPriceItem,FALSE,0,5/15/19 23:46,5/15/19 23:50,5/15/19 23:50,Wednesday,11:00 PM,5/16/19 19:53,4,100,Broken Arrow,Oklahoma,74012,Used,D
130,A,1,20.24,20.24,0,5.25,14.99,USD,175837,Chinese,FALSE,1,3/4/19 19:58,3/4/19 19:58,3/4/19 19:58,Monday,7:00 PM,3/12/19 19:46,20,100,Oklahoma City,Oklahoma,73107,Used,D
131,A,1,19.99,19.99,0,0,19.99,USD,175837,FixedPriceItem,FALSE,0,5/5/19 5:09,5/4/19 0:00,5/4/19 0:00,Saturday,12:00 AM,5/6/19 2:01,568,100,Oklahoma City,Oklahoma,73107,Used,D
132,A,1,19.99,19.99,0,0,19.99,USD,175837,FixedPriceItem,FALSE,0,5/20/19 19:51,5/20/19 19:54,5/20/19 19:54,Monday,7:00 PM,5/22/19 20:15,1138,100,Tahlequah,Oklahoma,74464,Used,D
133,A,1,19.95,19.95,0,0,19.95,USD,175837,FixedPriceItem,FALSE,0,3/29/19 20:21,3/29/19 20:21,3/29/19 20:21,Friday,8:00 PM,3/29/19 20:31,575,100,Yukon,Oklahoma,73099,Used,D
134,C,1,27.53,27.53,0,0,25,USD,9972,FixedPriceItem,FALSE,0,6/18/19 23:41,6/18/19 23:45,,Saturday,12:00 AM,6/19/19 17:54,3091,100,Hamilton,Ohio,45013,Used,D
135,A,1,19.9,19.9,0,0,19.9,USD,175837,FixedPriceItem,FALSE,0,1/19/19 2:12,1/19/19 2:12,1/19/19 2:12,Saturday,2:00 AM,1/19/19 3:56,3683,99.9,Dayton,Ohio,45420,Used,D
136,A,1,18.98,18.98,0,2.99,15.99,USD,175837,FixedPriceItem,FALSE,0,2/14/19 3:14,2/14/19 3:14,2/14/19 3:14,Thursday,3:00 AM,2/14/19 14:40,314,100,Perrysburg,Ohio,43551,Used,D
137,A,5,18.99,94.95,0,0,94.95,USD,175837,FixedPriceItem,FALSE,0,6/26/19 18:47,6/26/19 19:00,6/26/19 19:00,Wednesday,7:00 PM,6/27/19 14:50,15580,99.8,Charlotte,North Carolina,28277,Used,O
138,A,4,19.2675,77.07,0,10,60,USD,175837,FixedPriceItem,FALSE,0,6/17/19 18:40,6/17/19 18:45,6/17/19 18:45,Monday,6:00 PM,6/19/19 19:03,5,100,Whitsett,North Carolina,27377,Used,D
139,A,1,20,20,0,0,20,USD,175837,FixedPriceItem,FALSE,0,3/17/19 20:01,3/17/19 20:01,3/17/19 20:01,Sunday,8:00 PM,3/18/19 16:22,499,100,Boone,North Carolina,28607,Used,D
140,A,1,20,20,0,0,20,USD,175837,FixedPriceItem,FALSE,0,3/21/19 18:24,3/21/19 18:24,3/21/19 18:24,Thursday,6:00 PM,3/22/19 15:23,728,100,Murphy,North Carolina,28906,Used,D
141,C,1,20,20,0,0,20,USD,9972,FixedPriceItem,FALSE,0,4/15/19 2:35,5/5/19 15:15,,Saturday,12:00 AM,5/5/19 19:50,1263,92.4,Fayetteville,North Carolina,28314,Used,D
142,A,1,19.99,19.99,0,0,19.99,USD,175837,FixedPriceItem,FALSE,0,2/18/19 14:07,2/18/19 14:07,2/18/19 14:07,Monday,2:00 PM,2/18/19 23:29,1363,100,Pleasant Garden,North Carolina,27313,Used,D
143,A,1,19.99,19.99,0,0,19.99,USD,175837,FixedPriceItem,FALSE,0,2/2/19 20:29,2/2/19 20:29,2/2/19 20:29,Saturday,8:00 PM,2/5/19 18:11,5021,99.6,Walkertown,North Carolina,27051,Used,D
144,A,1,19.99,19.99,0,0,19.99,USD,2228,FixedPriceItem,FALSE,0,3/19/19 1:42,3/19/19 1:42,3/19/19 1:42,Tuesday,1:00 AM,3/20/19 1:21,15,100,Raleigh,North Carolina,27613,Like New,D
145,A,1,19,19,0,4,15,USD,175837,FixedPriceItem,FALSE,0,6/8/19 20:02,6/8/19 20:06,6/8/19 20:06,Saturday,8:00 PM,6/10/19 16:25,62,100,Weaverville,North Carolina,28787,Used,D
146,A,1,18.95,18.95,0,0,18.95,USD,175837,FixedPriceItem,FALSE,0,4/13/19 16:44,4/13/19 16:44,4/13/19 16:44,Saturday,4:00 PM,4/13/19 16:53,705,100,High Point,North Carolina,27265,Used,D
147,A,1,18,18,0,0,18,USD,175837,FixedPriceItem,FALSE,0,3/8/19 21:24,3/8/19 21:24,3/8/19 21:24,Friday,9:00 PM,3/8/19 22:31,497,100,Boone,North Carolina,28607,Used,D
148,A,1,17.99,17.99,0,0,17.99,USD,175837,FixedPriceItem,FALSE,0,6/12/19 20:18,6/12/19 20:24,6/12/19 20:24,Wednesday,8:00 PM,6/13/19 19:35,1295,99.5,Winston-Salem,North Carolina,27104,Used,D
149,A,1,16.5,16.5,0,4.49,12.01,USD,175837,Chinese,TRUE,3,3/5/19 2:56,3/5/19 2:56,3/5/19 2:56,Tuesday,2:00 AM,3/12/19 15:48,2,100,Shelby,North Carolina,28150,Used,D
150,A,1,15.85,15.85,0,7.85,8,USD,175837,Chinese,FALSE,1,3/20/19 3:13,3/20/19 3:13,3/20/19 3:13,Wednesday,3:00 AM,3/31/19 19:00,8,100,Boone,North Carolina,28607,New,D
151,A,1,15.59,15.59,0,4.49,11.1,USD,175837,Chinese,TRUE,2,3/9/19 0:01,3/9/19 0:01,3/9/19 0:01,Saturday,12:00 AM,3/14/19 15:48,0,0,Asheville,North Carolina,28801,Used,D
152,C,1,29.95,29.95,0,0,29.95,USD,9972,FixedPriceItem,FALSE,0,6/15/19 18:16,6/26/19 17:17,,Saturday,12:00 AM,\N,45,100,Elmhurst,New York,11373,Used,C
153,C,1,25.35,25.35,0,5.35,20,USD,9972,Chinese,FALSE,1,4/29/19 2:21,4/29/19 2:25,,Saturday,12:00 AM,4/29/19 16:33,57,100,Bronx,New York,10456,Used,D
154,A,1,20.53,20.53,0,4.53,16,USD,175837,Chinese,FALSE,1,6/7/19 16:17,6/7/19 16:21,6/7/19 16:21,Friday,4:00 PM,6/8/19 0:28,12,100,Brooklyn,New York,11230,Used,D
155,A,1,20,20,0,0,20,USD,175837,FixedPriceItem,FALSE,0,3/2/19 20:53,3/2/19 20:53,3/2/19 20:53,Saturday,8:00 PM,3/2/19 21:46,493,100,Huntington,New York,11743,Used,D
156,A,1,19.99,19.99,0,0,19.99,USD,175837,FixedPriceItem,FALSE,0,3/28/19 23:38,3/28/19 23:38,3/28/19 23:38,Thursday,11:00 PM,3/29/19 19:11,348,100,Flushing,New York,11355,Used,D
157,A,1,19.98,19.98,0,5,14.98,USD,175837,FixedPriceItem,FALSE,0,3/22/19 8:26,3/22/19 8:26,3/22/19 8:26,Friday,8:00 AM,3/23/19 22:24,8,100,New York,New York,10023,Used,D
158,A,1,19.49,19.49,0,4.49,15,USD,175837,FixedPriceItem,FALSE,0,2/10/19 19:33,2/10/19 19:33,2/10/19 19:33,Sunday,7:00 PM,2/17/19 13:41,0,0,Camillus,New York,13031,Used,D
159,A,1,19,19,0,0,19,USD,175837,FixedPriceItem,FALSE,0,3/5/19 9:25,3/5/19 9:25,3/5/19 9:25,Tuesday,9:00 AM,3/19/19 20:24,74,100,New Windsor,New York,12553,Used,D
160,A,1,16.75,16.75,0,2.75,14,USD,268,FixedPriceItem,FALSE,0,5/22/19 3:47,5/22/19 16:01,5/22/19 16:01,Wednesday,4:00 PM,5/23/19 3:41,0,0,Pomona,New York,10970,Like New,D
161,A,1,16.73,16.73,0,4.53,12.2,USD,175837,Chinese,TRUE,2,2/28/19 22:17,2/28/19 22:17,2/28/19 22:17,Thursday,10:00 PM,3/8/19 22:51,2,0,Brooklyn,New York,11218,Used,D
162,A,1,16.53,16.53,0,4.53,12,USD,175837,Chinese,FALSE,1,5/16/19 23:28,5/26/19 23:28,5/26/19 23:28,Sunday,11:00 PM,5/28/19 9:50,1,0,Massapequa,New York,11758,Used,D
163,A,1,16.5,16.5,0,0,14.99,USD,175837,FixedPriceItem,FALSE,0,6/16/19 15:06,6/16/19 16:04,6/16/19 16:04,Sunday,4:00 PM,6/17/19 4:40,8558,100,Hamburg,New York,14075,Used,D
164,C,1,0,0,0,0.01,25,USD,9972,FixedPriceItem,FALSE,0,2/7/19 14:23,4/15/19 18:08,,Saturday,12:00 AM,\N,2,100,Fresh Meadows,New York,11365,Used,D
165,A,2,20,40,0,0,40,USD,175837,FixedPriceItem,FALSE,0,2/23/19 23:04,2/23/19 23:04,2/23/19 23:04,Saturday,11:00 PM,2/28/19 19:24,137,100,Las Cruces,New Mexico,88005,Used,D
166,A,1,19.99,19.99,0,0,19.99,USD,175837,FixedPriceItem,FALSE,0,3/13/19 4:27,3/13/19 4:27,3/13/19 4:27,Wednesday,4:00 AM,3/13/19 5:11,82,0,Albuquerque,New Mexico,87111,Used,D
167,A,1,19.99,19.99,0,0,19.99,USD,175837,FixedPriceItem,FALSE,0,5/25/19 21:52,5/25/19 21:58,5/25/19 21:58,Saturday,9:00 PM,5/26/19 6:30,1183,100,Las Cruces,New Mexico,88011,Used,D
168,A,1,19.99,19.99,0,0,19.99,USD,175837,FixedPriceItem,FALSE,0,2/27/19 3:43,2/27/19 3:43,2/27/19 3:43,Wednesday,3:00 AM,2/27/19 4:10,182,100,Edison,New Jersey,8817,Used,D
169,A,1,19.99,19.99,0,0,19.99,USD,175837,FixedPriceItem,FALSE,0,6/12/19 13:35,6/12/19 13:58,6/12/19 13:58,Wednesday,1:00 PM,6/12/19 23:00,419,100,Runnemede,New Jersey,8078,Used,D
170,A,1,19.53,19.53,0,4.53,15,USD,175837,Chinese,FALSE,1,6/13/19 2:49,6/13/19 2:30,6/13/19 2:30,Thursday,2:00 AM,6/13/19 11:04,5,100,Harrison,New Jersey,7029,Used,D
171,A,1,19.52,19.52,0,4.53,14.99,USD,175837,FixedPriceItem,FALSE,0,5/25/19 1:33,5/25/19 1:49,5/25/19 1:49,Saturday,1:00 AM,5/25/19 9:59,226,100,Randolph,New Jersey,7869,Used,D
172,A,1,18.99,18.99,0,0,18.99,USD,175837,FixedPriceItem,FALSE,0,2/18/19 3:51,2/18/19 3:51,2/18/19 3:51,Monday,3:00 AM,2/19/19 3:15,785,100,Summit,New Jersey,7901,Used,D
173,A,1,18.77,18.77,0,3.78,14.99,USD,175837,Chinese,FALSE,1,6/12/19 2:56,6/12/19 2:30,6/12/19 2:30,Wednesday,2:00 AM,6/12/19 11:06,0,0,Hoboken,New Jersey,7030,Used,D
174,C,1,15,15,0,0,15,USD,9972,FixedPriceItem,FALSE,0,7/7/19 0:49,7/7/19 0:55,,Saturday,12:00 AM,7/7/19 1:21,312,100,Voorhees,New Jersey,8043,Used,O
175,A,1,13.53,13.53,0,4.53,9,USD,175837,FixedPriceItem,FALSE,0,7/7/19 0:51,7/7/19 0:56,7/7/19 0:56,Sunday,12:00 AM,\N,13,0,Edison,New Jersey,8820,Used,O
176,A,1,10.99,10.99,0,0,10.99,USD,171243,FixedPriceItem,FALSE,0,6/30/19 21:20,6/30/19 21:24,6/30/19 21:24,Sunday,9:00 PM,7/1/19 5:52,610,100,Toms River,New Jersey,8753,Good,O
177,A,1,19.99,19.99,0,0,19.99,USD,175837,FixedPriceItem,FALSE,0,5/8/19 16:34,5/8/19 16:43,5/8/19 16:43,Wednesday,4:00 PM,5/9/19 1:15,14,100,Boulder City,Nevada,89005,Used,D
178,A,1,19.99,19.99,0,0,19.99,USD,175837,FixedPriceItem,FALSE,0,5/20/19 21:34,5/20/19 21:42,5/20/19 21:42,Monday,9:00 PM,5/21/19 11:34,6048,99.6,Reno,Nevada,89523,Used,D
179,A,1,19.99,19.99,0,0,19.99,USD,175837,FixedPriceItem,FALSE,0,5/26/19 7:22,5/26/19 2:30,5/26/19 2:30,Sunday,2:00 AM,5/28/19 19:03,352,99.2,Las Vegas,Nevada,89169,Used,D
180,A,1,19.69,19.69,0,4.69,15,USD,175837,FixedPriceItem,FALSE,0,3/30/19 2:11,3/30/19 2:11,3/30/19 2:11,Saturday,2:00 AM,4/18/19 1:56,13,100,Henderson,Nevada,89015,Used,D
181,A,1,18.75,18.75,0,3.75,15,USD,175837,FixedPriceItem,FALSE,0,12/3/18 3:20,12/3/18 3:20,12/3/18 3:20,Monday,3:00 AM,12/3/18 19:05,173,98.7,Las Vegas,Nevada,89117,Used,D
182,A,1,18.5,18.5,0,0,18.5,USD,2228,FixedPriceItem,FALSE,0,5/23/19 23:02,5/23/19 23:06,5/23/19 23:06,Thursday,11:00 PM,5/24/19 7:39,0,0,Las Vegas,Nevada,89110,Like New,D
183,A,39,15.38461538,600,0,0,600,USD,175837,FixedPriceItem,FALSE,0,6/15/19 18:10,6/15/19 18:13,6/15/19 18:13,Saturday,6:00 PM,6/18/19 0:43,5164,100,Lincoln,Nebraska,68506,For parts ,D
184,A,1,21,21,0,0,21,USD,175837,FixedPriceItem,FALSE,0,1/22/19 4:48,1/22/19 4:48,1/22/19 4:48,Tuesday,4:00 AM,1/23/19 2:09,218,100,Lincoln,Nebraska,68507,Used,D
185,A,1,19.99,19.99,0,0,19.99,USD,175837,Chinese,FALSE,1,3/4/19 0:38,3/4/19 0:38,3/4/19 0:38,Monday,12:00 AM,3/4/19 16:08,2,100,Lincoln,Nebraska,68503,Used,D
186,A,1,19,19,0,0,19,USD,11442,FixedPriceItem,FALSE,0,6/29/19 3:59,6/29/19 2:30,6/29/19 2:30,Saturday,2:00 AM,7/1/19 13:41,532,99.6,Omaha,Nebraska,68127,Good,O
187,A,1,18.84,18.84,0,7.85,10.99,USD,175837,FixedPriceItem,FALSE,0,5/18/19 18:35,5/18/19 19:14,5/18/19 19:14,Saturday,7:00 PM,5/19/19 20:06,68,100,Omaha,Nebraska,68114,Used,D
188,A,1,17.75,17.75,0,2.75,15,USD,175837,FixedPriceItem,FALSE,0,3/4/19 5:40,3/4/19 5:40,3/4/19 5:40,Monday,5:00 AM,3/4/19 20:08,20,100,Lincoln,Nebraska,68508,Used,D
189,A,1,16.49,16.49,0,4.49,12,USD,175837,Chinese,FALSE,1,3/16/19 19:47,3/16/19 19:47,3/16/19 19:47,Saturday,7:00 PM,3/24/19 17:42,7,100,Lincoln,Nebraska,68528,Used,D
190,A,1,16.49,16.49,0,4.49,12,USD,175837,FixedPriceItem,FALSE,0,3/4/19 15:38,3/4/19 15:38,3/4/19 15:38,Monday,3:00 PM,3/5/19 20:52,18,100,Omaha,Nebraska,68127,Used,D
191,A,1,29.14,29.14,0,4.57,20,USD,175837,Chinese,FALSE,1,3/17/19 0:50,3/17/19 0:50,3/17/19 0:50,Sunday,12:00 AM,3/25/19 22:18,55,100,Livingston,Montana,59047,Used,D
192,A,1,19.99,19.99,0,0,19.99,USD,175837,Chinese,FALSE,1,2/19/19 22:57,2/19/19 22:57,2/19/19 22:57,Tuesday,10:00 PM,2/27/19 19:14,1043,100,Bozeman,Montana,59718,New,D
193,A,1,18.99,18.99,0,0,18.99,USD,175837,FixedPriceItem,FALSE,0,5/2/19 21:09,5/2/19 21:13,5/2/19 21:13,Thursday,9:00 PM,5/3/19 12:30,60,100,Missoula,Montana,59801,Used,D
194,A,1,18.39,18.39,0,2.99,15.4,USD,175837,FixedPriceItem,FALSE,0,6/11/19 23:01,6/11/19 23:05,6/11/19 23:05,Tuesday,11:00 PM,6/12/19 7:17,66,100,Missoula,Montana,59801,Used,D
195,A,1,18.36,18.36,0,3.36,15,USD,175837,FixedPriceItem,FALSE,0,5/27/19 6:11,5/27/19 2:30,5/27/19 2:30,Monday,2:00 AM,5/29/19 5:39,189,100,Butte,Montana,59701,Used,D
196,A,1,18,18,0,0,18,USD,175837,FixedPriceItem,FALSE,0,5/30/19 1:25,5/30/19 1:31,5/30/19 1:31,Thursday,1:00 AM,5/30/19 9:44,1282,100,Great Falls,Montana,59401,Used,D
197,C,1,25.78,25.78,0,5.78,20,USD,9972,FixedPriceItem,FALSE,0,6/24/19 3:13,6/24/19 2:30,,Saturday,12:00 AM,6/24/19 23:17,0,0,Gerald,Missouri,63037,Used,O
198,A,1,20,20,0,5,15,USD,175837,FixedPriceItem,FALSE,0,6/1/19 19:59,6/1/19 20:04,6/1/19 20:04,Saturday,8:00 PM,6/7/19 2:09,83,100,Eureka,Missouri,63025,Used,D
199,A,1,20,20,0,0,20,USD,175837,FixedPriceItem,FALSE,0,5/9/19 18:51,5/9/19 18:57,5/9/19 18:57,Thursday,6:00 PM,5/10/19 20:40,179,99.3,Saint Louis,Missouri,63129,Used,D
200,A,1,19.99,19.99,0,5,14.99,USD,175837,Chinese,FALSE,1,4/4/19 15:20,4/4/19 15:20,4/4/19 15:20,Thursday,3:00 PM,4/4/19 15:34,17527,100,Imperial,Missouri,63052,Used,D
201,A,1,19.99,19.99,0,0,19.99,USD,175837,FixedPriceItem,FALSE,0,3/6/19 17:42,3/6/19 17:42,3/6/19 17:42,Wednesday,5:00 PM,3/8/19 21:45,55,100,Kansas City,Missouri,64109,Used,D
202,A,1,19.99,19.99,0,0,19.99,USD,175837,FixedPriceItem,FALSE,0,4/17/19 19:35,4/17/19 19:35,4/17/19 19:35,Wednesday,7:00 PM,4/20/19 12:11,577,100,Saint Louis,Missouri,63126,Used,D
203,A,1,19.99,19.99,0,0,19.99,USD,175837,FixedPriceItem,FALSE,0,5/1/19 1:46,5/1/19 1:50,5/1/19 1:50,Wednesday,1:00 AM,5/3/19 15:44,1094,98.4,Chesterfield,Missouri,63005,Used,D
204,A,1,19.89,19.89,0,4.44,15.45,USD,175837,Chinese,TRUE,7,6/8/19 4:32,6/15/19 2:30,6/15/19 2:30,Saturday,2:00 AM,6/17/19 14:02,0,0,Saint Charles,Missouri,63304,Used,D
205,A,1,19.44,19.44,0,4.44,15,USD,175837,FixedPriceItem,FALSE,0,5/19/19 0:21,5/19/19 0:26,5/19/19 0:26,Sunday,12:00 AM,5/20/19 13:11,720,100,Dittmer,Missouri,63023,New,D
206,A,1,18.99,18.99,0,0,18.99,USD,175837,FixedPriceItem,FALSE,0,5/20/19 3:05,5/20/19 3:09,5/20/19 3:09,Monday,3:00 AM,5/20/19 11:24,602,100,Dixon,Missouri,65459,Used,D
207,A,1,18.69,18.69,0,0,18.69,USD,175837,FixedPriceItem,FALSE,0,5/26/19 23:52,5/26/19 23:56,5/26/19 23:56,Sunday,11:00 PM,5/28/19 23:09,93,100,Fenton,Missouri,63026,Used,D
208,A,1,18,18,0,0,18,USD,175837,FixedPriceItem,FALSE,0,7/2/19 2:45,7/2/19 2:30,7/2/19 2:30,Tuesday,2:00 AM,7/2/19 11:20,114,93.8,Saint Louis,Missouri,63114,Used,O
209,A,1,16.49,16.49,0,4.49,12,USD,175837,FixedPriceItem,FALSE,0,6/30/19 18:06,6/30/19 18:11,6/30/19 18:11,Sunday,6:00 PM,7/1/19 9:31,26,100,Kansas City,Missouri,64119,Used,O
210,A,1,15.4,15.4,0,0,13.99,USD,175837,FixedPriceItem,FALSE,0,6/20/19 0:17,6/20/19 0:21,6/20/19 0:21,Thursday,12:00 AM,6/20/19 9:36,2646,100,Columbia,Missouri,65203,Used,O
211,A,1,20,20,0,0,20,USD,175837,FixedPriceItem,FALSE,0,12/31/18 7:03,12/31/18 7:03,12/31/18 7:03,Monday,7:00 AM,1/5/19 1:11,737,100,Minneapolis,Minnesota,55433,Used,D
212,A,1,19.77,19.77,0,0,19.77,USD,175837,FixedPriceItem,FALSE,0,3/2/19 0:25,3/2/19 0:25,3/2/19 0:25,Saturday,12:00 AM,3/2/19 0:39,29,100,Minneapolis,Minnesota,55426,Used,D
213,A,1,19.5,19.5,0,0,19.5,USD,175837,FixedPriceItem,FALSE,0,3/27/19 3:34,3/27/19 3:34,3/27/19 3:34,Wednesday,3:00 AM,3/28/19 18:01,51,100,Lakeville,Minnesota,55044,Used,D
214,A,1,19.49,19.49,0,4.49,15,USD,175837,Chinese,FALSE,1,4/10/19 21:08,4/10/19 21:08,4/10/19 21:08,Wednesday,9:00 PM,4/10/19 22:03,4,0,Saint Paul,Minnesota,55124,Used,D
215,A,1,19,19,0,0,19,USD,2228,FixedPriceItem,FALSE,0,3/27/19 3:37,3/27/19 3:37,3/27/19 3:37,Wednesday,3:00 AM,3/28/19 18:00,51,100,Lakeville,Minnesota,55044,Very Good,D
216,A,1,18.77,18.77,0,0,18.77,USD,175837,FixedPriceItem,FALSE,0,5/8/19 21:34,5/8/19 21:38,5/8/19 21:38,Wednesday,9:00 PM,5/9/19 8:21,130,100,Minneapolis,Minnesota,55426,Used,D
217,A,1,16.98,16.98,0,3.99,12.99,USD,2228,Chinese,FALSE,1,5/20/19 21:32,5/20/19 21:36,5/20/19 21:36,Monday,9:00 PM,5/23/19 14:20,8,100,Minneapolis,Minnesota,55407,Like New,D
218,A,3,20.79,62.37,0,4.39,49.2,USD,175837,FixedPriceItem,FALSE,0,5/23/19 19:11,5/23/19 19:20,5/23/19 19:20,Thursday,7:00 PM,5/23/19 23:22,12,100,East Lansing,Michigan,48823,Used,D
219,A,1,25.06,25.06,0,7.03,18.03,USD,175837,FixedPriceItem,FALSE,0,5/3/19 3:35,5/3/19 3:39,5/3/19 3:39,Friday,3:00 AM,\N,4579,100,Jackson,Michigan,49202,Open box,D
220,A,1,20.44,20.44,0,4.44,16,USD,175837,Chinese,FALSE,1,6/4/19 2:59,6/4/19 2:30,6/4/19 2:30,Tuesday,2:00 AM,6/5/19 4:24,0,0,Royal Oak,Michigan,48073,Used,D
221,A,1,20,20,0,0,20,USD,175837,FixedPriceItem,FALSE,0,1/23/19 0:00,1/23/19 0:00,1/23/19 0:00,Wednesday,12:00 AM,1/25/19 12:46,7,100,Haslett,Michigan,48840,Used,D
222,A,1,20,20,0,0,20,USD,21255,FixedPriceItem,FALSE,0,2/12/19 18:16,2/12/19 18:16,2/12/19 18:16,Tuesday,6:00 PM,3/6/19 16:34,462,100,Hamtramck,Michigan,48212,\N,D
223,A,1,19.99,19.99,0,4.99,15,USD,175837,FixedPriceItem,FALSE,0,6/10/19 14:22,6/10/19 14:26,6/10/19 14:26,Monday,2:00 PM,6/11/19 21:37,1,0,Warren,Michigan,48091,Used,D
224,A,1,19.98,19.98,0,4.99,14.99,USD,175837,FixedPriceItem,FALSE,0,5/21/19 15:49,5/21/19 15:54,5/21/19 15:54,Tuesday,3:00 PM,5/22/19 16:18,49,100,Caledonia,Michigan,49316,Used,D
225,A,1,19.95,19.95,0,0,19.95,USD,175837,FixedPriceItem,FALSE,0,3/31/19 18:43,3/31/19 18:43,3/31/19 18:43,Sunday,6:00 PM,3/31/19 19:18,385,100,Macomb,Michigan,48044,Used,D
226,A,1,19.94,19.94,0,4.44,15.5,USD,175837,Chinese,TRUE,2,3/23/19 22:48,3/23/19 22:48,3/23/19 22:48,Saturday,10:00 PM,4/1/19 23:13,27,100,Flint,Michigan,48507,Open box,D
227,A,1,19.44,19.44,0,4.44,15,USD,175837,FixedPriceItem,FALSE,0,5/30/19 18:52,5/30/19 18:57,5/30/19 18:57,Thursday,6:00 PM,5/30/19 23:16,0,0,Milford,Michigan,48381,Used,D
228,A,1,19.44,19.44,0,4.44,15,USD,175837,FixedPriceItem,FALSE,0,4/13/19 22:26,4/13/19 22:26,4/13/19 22:26,Saturday,10:00 PM,4/16/19 0:51,140,100,Sault Sainte Marie,Michigan,49783,Used,D
229,A,1,19.39,19.39,0,4.39,15,USD,175837,FixedPriceItem,FALSE,0,6/5/19 2:24,6/5/19 2:30,6/5/19 2:30,Wednesday,2:00 AM,6/5/19 10:40,2,0,East Lansing,Michigan,48823,Used,D
230,A,1,19,19,0,0,19,USD,175837,FixedPriceItem,FALSE,0,4/15/19 18:29,4/15/19 18:29,4/15/19 18:29,Monday,6:00 PM,4/15/19 20:53,465,98.6,Eastpointe,Michigan,48021,Used,D
231,A,1,18.99,18.99,0,0,18.99,USD,175837,Chinese,FALSE,1,3/3/19 22:20,3/3/19 22:20,3/3/19 22:20,Sunday,10:00 PM,3/3/19 23:26,385,100,Macomb,Michigan,48044,Used,D
232,A,1,18.99,18.99,0,0,18.99,USD,175837,FixedPriceItem,FALSE,0,3/24/19 4:09,3/24/19 4:09,3/24/19 4:09,Sunday,4:00 AM,3/25/19 4:48,143,95.8,Brighton,Michigan,48116,Used,D
233,A,1,18.99,18.99,0,0,18.99,USD,175837,FixedPriceItem,FALSE,0,5/23/19 2:08,5/23/19 3:33,5/23/19 3:33,Thursday,3:00 AM,5/23/19 17:41,291,100,Williamston,Michigan,48895,Used,D
234,A,1,18.8,18.8,0,3.95,14.85,USD,175837,FixedPriceItem,FALSE,0,5/6/19 1:51,5/6/19 1:54,5/6/19 1:54,Monday,1:00 AM,5/6/19 2:00,15777,99.9,Lansing,Michigan,48906,Used,D
235,A,1,18.7,18.7,0,3.7,15,USD,175837,FixedPriceItem,FALSE,0,3/24/19 21:14,3/24/19 21:14,3/24/19 21:14,Sunday,9:00 PM,3/26/19 0:46,13,100,Ann Arbor,Michigan,48104,Used,D
236,A,1,18.49,18.49,0,0,18.49,USD,175837,FixedPriceItem,FALSE,0,3/24/19 4:11,3/24/19 4:11,3/24/19 4:11,Sunday,4:00 AM,3/25/19 4:48,143,95.8,Brighton,Michigan,48116,Used,D
237,A,1,17.99,17.99,0,0,17.99,USD,175837,FixedPriceItem,FALSE,0,5/7/19 21:11,5/7/19 21:19,5/7/19 21:19,Tuesday,9:00 PM,5/7/19 21:25,10,100,Ferndale,Michigan,48220,Used,D
238,A,1,17.95,17.95,0,0,17.95,USD,175837,FixedPriceItem,FALSE,0,5/14/19 1:58,5/14/19 2:03,5/14/19 2:03,Tuesday,2:00 AM,\N,2212,100,Canton,Michigan,48187,Used,D
239,A,1,17.39,17.39,0,4.39,13,USD,175837,FixedPriceItem,FALSE,0,5/9/19 19:36,5/9/19 21:04,5/9/19 21:04,Thursday,9:00 PM,5/10/19 21:46,21,100,East Lansing,Michigan,48825,Used,D
240,A,1,17,17,0,0,17,USD,175837,FixedPriceItem,FALSE,0,6/26/19 16:43,6/26/19 17:00,6/26/19 17:00,Wednesday,5:00 PM,6/26/19 7:00,124,100,Dearborn,Michigan,48126,Used,O
241,A,1,15,15,0,5,10,USD,175837,FixedPriceItem,FALSE,0,7/1/19 19:32,7/1/19 19:36,7/1/19 19:36,Monday,7:00 PM,\N,291,100,New Lothrop,Michigan,48460,Used,O
242,A,1,15,15,0,0,15,USD,175837,FixedPriceItem,FALSE,0,5/6/19 21:12,5/6/19 21:25,5/6/19 21:25,Monday,9:00 PM,5/7/19 16:54,46,100,Southfield,Michigan,48076,Used,D
243,A,1,13.66,13.66,0,3.66,10,USD,175837,FixedPriceItem,FALSE,0,5/17/19 15:11,5/17/19 15:15,5/17/19 15:15,Friday,3:00 PM,5/21/19 18:34,6,100,East Lansing,Michigan,48823,Used,D
244,A,2,20.015,40.03,0,4.53,35.5,USD,175837,FixedPriceItem,FALSE,0,5/19/19 17:05,5/19/19 17:25,5/19/19 17:25,Sunday,5:00 PM,5/23/19 3:40,12,100,Mansfield,Massachusetts,2048,Used,D
245,A,1,20.98,20.98,0,2.99,17.99,USD,175837,FixedPriceItem,FALSE,0,6/8/19 21:32,6/8/19 21:36,6/8/19 21:36,Saturday,9:00 PM,6/9/19 10:19,24,100,Haverhill,Massachusetts,1835,Used,D
246,A,1,19.53,19.53,0,4.53,15,USD,175837,Chinese,FALSE,1,5/17/19 22:14,5/17/19 22:19,5/17/19 22:19,Friday,10:00 PM,5/21/19 2:47,141,100,Norton,Massachusetts,2766,Used,D
247,A,1,19.53,19.53,0,4.53,15,USD,175837,FixedPriceItem,FALSE,0,2/18/19 19:10,2/18/19 19:10,2/18/19 19:10,Monday,7:00 PM,2/20/19 14:10,0,0,Abington,Massachusetts,2351,Used,D
248,A,1,18.75,18.75,0,3.75,15,USD,175837,Chinese,FALSE,1,12/20/18 2:06,12/20/18 2:06,12/20/18 2:06,Thursday,2:00 AM,1/6/19 16:16,3,0,Quincy,Massachusetts,2169,Used,D
249,A,1,18.75,18.75,0,3.75,15,USD,175837,FixedPriceItem,FALSE,0,1/5/19 4:39,1/5/19 4:39,1/5/19 4:39,Saturday,4:00 AM,1/6/19 22:27,8,100,Milton,Massachusetts,2186,Used,D
250,A,1,18.75,18.75,0,3.75,15,USD,175837,FixedPriceItem,FALSE,0,1/6/19 5:43,1/6/19 5:43,1/6/19 5:43,Sunday,5:00 AM,1/6/19 23:00,8,100,Milton,Massachusetts,2186,Used,D
251,A,1,14.53,14.53,0,4.53,10,USD,175837,Chinese,FALSE,1,3/23/19 21:38,3/23/19 21:38,3/23/19 21:38,Saturday,9:00 PM,\N,7,0,Winchester,Massachusetts,1890,Used,D
252,A,1,9,9,0,4,5,USD,175837,FixedPriceItem,FALSE,0,2/27/19 1:12,2/27/19 1:12,2/27/19 1:12,Wednesday,1:00 AM,2/27/19 15:44,100,100,Lowell,Massachusetts,1854,Used,D
253,A,1,16.5,16.5,0,5,9.99,USD,175837,FixedPriceItem,FALSE,0,6/23/19 20:47,6/23/19 21:01,6/23/19 21:01,Sunday,9:00 PM,6/24/19 9:04,1496,99.8,South Deerfield,Massachusetts,1373,Used,O
254,A,1,20,20,0,0,20,USD,175837,FixedPriceItem,FALSE,0,5/18/19 1:20,5/18/19 21:54,5/18/19 21:54,Saturday,9:00 PM,5/20/19 19:23,71,100,Glen Burnie,Maryland,21061,Used,D
255,A,1,20,20,0,0,20,USD,175837,FixedPriceItem,FALSE,0,5/13/19 15:06,5/13/19 15:40,5/13/19 15:40,Monday,3:00 PM,5/14/19 8:44,89,100,Olney,Maryland,20832,Open box,D
256,A,1,19.95,19.95,0,0,19.95,USD,175837,FixedPriceItem,FALSE,0,5/25/19 1:06,5/25/19 2:30,5/25/19 2:30,Saturday,2:00 AM,5/25/19 9:37,306,99.5,Baltimore,Maryland,21230,Used,D
257,A,1,19.95,19.95,0,5.3,14.65,USD,175837,FixedPriceItem,FALSE,0,5/27/19 5:47,5/27/19 2:30,5/27/19 2:30,Monday,2:00 AM,5/27/19 15:36,33,100,Kensington,Maryland,20895,Used,D
258,A,1,19,19,0,16,3,CAD,175837,Chinese,TRUE,4,2/19/19 19:45,2/19/19 19:45,2/19/19 19:45,Tuesday,7:00 PM,2/26/19 21:40,58,100,Winnipeg,Manitoba,0,Used,D
259,A,3,19.99,59.97,0,0,59.97,USD,2228,FixedPriceItem,FALSE,0,5/28/19 0:13,5/28/19 0:17,5/28/19 0:17,Tuesday,12:00 AM,5/28/19 8:36,165,100,Lexington,Kentucky,40517,Very Good,D
260,C,1,23.89,23.89,0,4.89,19,USD,9972,FixedPriceItem,FALSE,0,4/10/19 3:45,4/27/19 19:45,,Saturday,12:00 AM,4/27/19 23:29,1244,100,Paducah,Kentucky,42001,Used,D
261,A,1,20,20,0,5,15,USD,175837,FixedPriceItem,FALSE,0,4/27/19 20:14,4/28/19 20:15,4/28/19 20:15,Sunday,8:00 PM,\N,15,0,Louisville,Kentucky,40216,Used,S
262,A,1,19.75,19.75,0,0,19.75,USD,175837,Chinese,FALSE,1,5/23/19 14:04,5/23/19 14:13,5/23/19 14:13,Thursday,2:00 PM,5/23/19 19:48,1139,98.6,Paintsville,Kentucky,41240,Used,D
263,A,1,18.99,18.99,0,3.99,15,USD,175837,FixedPriceItem,FALSE,0,3/14/19 2:10,3/14/19 2:10,3/14/19 2:10,Thursday,2:00 AM,3/15/19 0:19,11,100,Louisville,Kentucky,40214,Used,D
264,A,1,19.99,19.99,0,0,19.99,USD,2228,FixedPriceItem,FALSE,0,1/7/19 20:13,1/7/19 20:13,1/7/19 20:13,Monday,8:00 PM,1/8/19 15:06,554,100,Leavenworth,Kansas,66048,Very Good,D
265,A,1,18.74,18.74,0,2.75,15.99,USD,175837,FixedPriceItem,FALSE,0,6/10/19 18:09,6/10/19 18:20,6/10/19 18:20,Monday,6:00 PM,6/10/19 22:22,5499,100,Olathe,Kansas,66061,Used,D
266,A,1,16.52,16.52,0,0,15,USD,175837,FixedPriceItem,FALSE,0,6/18/19 13:50,6/18/19 13:57,6/18/19 13:57,Tuesday,1:00 PM,6/18/19 16:13,2950,100,Great Bend,Kansas,67530,Used,D
267,A,1,16.39,16.39,0,4.49,11.9,USD,175837,Chinese,TRUE,2,3/19/19 17:47,3/19/19 17:47,3/19/19 17:47,Tuesday,5:00 PM,3/26/19 23:17,0,0,Wichita,Kansas,67212,Used,D
268,C,1,26.27,26.27,0,5.78,19.99,USD,9972,FixedPriceItem,FALSE,0,5/28/19 2:32,5/28/19 2:30,,Saturday,12:00 AM,5/28/19 22:15,123,100,Ankeny,Iowa,50023,Used,D
269,A,2,17.855,35.71,0,5.71,30,USD,175837,FixedPriceItem,FALSE,0,4/10/19 1:20,4/10/19 1:20,4/10/19 1:20,Wednesday,1:00 AM,4/10/19 18:40,662,100,Carmel,Indiana,46032,Used,D
270,A,1,20,20,0,0,20,USD,175837,FixedPriceItem,FALSE,0,2/21/19 8:55,2/21/19 8:55,2/21/19 8:55,Thursday,8:00 AM,2/22/19 3:24,58,100,Lafayette,Indiana,47905,Used,D
271,A,1,20,20,0,0,20,USD,175837,FixedPriceItem,FALSE,0,6/7/19 16:56,6/8/19 0:20,6/8/19 0:20,Saturday,12:00 AM,6/8/19 8:18,2571,99.7,Westfield,Indiana,46074,Used,D
272,A,1,19.99,19.99,0,0,19.99,USD,175837,FixedPriceItem,FALSE,0,5/20/19 16:47,5/20/19 17:49,5/20/19 17:49,Monday,5:00 PM,5/21/19 22:48,621,100,Fort Wayne,Indiana,46818,Used,D
273,A,1,19.99,19.99,0,0,19.99,USD,175837,FixedPriceItem,FALSE,0,4/29/19 19:40,4/29/19 19:47,4/29/19 19:47,Monday,7:00 PM,5/1/19 12:43,691,97.8,Boswell,Indiana,47921,Used,D
274,A,1,19.95,19.95,0,0,19.95,USD,175837,FixedPriceItem,FALSE,0,5/2/19 2:16,5/2/19 2:20,5/2/19 2:20,Thursday,2:00 AM,5/2/19 21:14,1745,100,Brownsburg,Indiana,46112,Used,D
275,A,1,19.44,19.44,0,4.44,15,USD,175837,FixedPriceItem,FALSE,0,5/20/19 15:37,5/20/19 16:04,5/20/19 16:04,Monday,4:00 PM,5/20/19 20:34,54,0,Georgetown,Indiana,47122,Used,D
276,A,1,19.39,19.39,0,4.39,15,USD,175837,FixedPriceItem,FALSE,0,5/28/19 16:45,5/28/19 16:51,5/28/19 16:51,Tuesday,4:00 PM,5/28/19 18:51,25,100,Fort Wayne,Indiana,46815,Used,D
277,A,1,19.19,19.19,0,0,19.19,USD,175837,FixedPriceItem,FALSE,0,2/15/19 18:43,2/15/19 18:43,2/15/19 18:43,Friday,6:00 PM,2/18/19 18:00,2173,99.8,Indianapolis,Indiana,46217,Used,D
278,A,1,18.99,18.99,0,0,18.99,USD,175837,FixedPriceItem,FALSE,0,1/20/19 4:08,1/20/19 4:08,1/20/19 4:08,Sunday,4:00 AM,1/20/19 5:38,1521,100,Indianapolis,Indiana,46254,Used,D
279,A,1,18.99,18.99,0,0,18.99,USD,175837,FixedPriceItem,FALSE,0,6/2/19 21:57,6/2/19 22:02,6/2/19 22:02,Sunday,10:00 PM,6/4/19 1:15,1507,100,Indianapolis,Indiana,46237,Used,D
280,A,1,18,18,0,0,18,USD,175837,FixedPriceItem,FALSE,0,3/27/19 4:08,3/27/19 4:08,3/27/19 4:08,Wednesday,4:00 AM,3/27/19 4:41,7,100,Connersville,Indiana,47331,Used,D
281,A,1,16.99,16.99,0,0,16.99,USD,3783,FixedPriceItem,FALSE,0,3/29/19 23:02,3/29/19 23:02,3/29/19 23:02,Friday,11:00 PM,3/29/19 23:26,14,0,Valparaiso,Indiana,46384,Like New,D
282,A,1,19,19,0,0,19,USD,175837,FixedPriceItem,FALSE,0,6/17/19 17:22,6/17/19 17:26,6/17/19 17:26,Monday,5:00 PM,6/18/19 5:14,2879,99.6,Indianapolis,Indiana,46236,Used,O
283,A,1,20.59,20.59,0,4.39,16.2,USD,175837,Chinese,FALSE,1,5/21/19 4:43,5/21/19 4:47,5/21/19 4:47,Tuesday,4:00 AM,5/21/19 5:00,92,100,Chicago,Illinois,60623,Used,D
284,A,1,20,20,0,6,14,USD,175837,Chinese,FALSE,1,5/3/19 22:30,5/4/19 3:42,5/4/19 3:42,Saturday,3:00 AM,5/5/19 17:55,659,100,Clarendon Hills,Illinois,60514,Used,D
285,A,1,19.99,19.99,0,0,19.99,USD,175837,FixedPriceItem,FALSE,0,5/8/19 22:04,5/8/19 22:08,5/8/19 22:08,Wednesday,10:00 PM,5/9/19 8:54,4350,100,Carterville,Illinois,62918,Used,D
286,A,1,19.99,19.99,0,0,19.99,USD,175837,FixedPriceItem,FALSE,0,5/29/19 23:09,5/29/19 23:14,5/29/19 23:14,Wednesday,11:00 PM,5/30/19 20:01,1063,100,Roselle,Illinois,60172,Used,D
287,A,1,19.99,19.99,0,0,19.99,USD,175837,FixedPriceItem,FALSE,0,2/13/19 15:29,2/13/19 15:29,2/13/19 15:29,Wednesday,3:00 PM,2/14/19 18:01,760,100,Tolono,Illinois,61880,Used,D
288,A,1,19.99,19.99,0,0,19.99,USD,175837,FixedPriceItem,FALSE,0,3/30/19 16:51,3/30/19 16:51,3/30/19 16:51,Saturday,4:00 PM,3/30/19 17:01,1054,100,Roselle,Illinois,60172,Used,D
289,A,1,19.99,19.99,0,0,19.99,USD,175837,FixedPriceItem,FALSE,0,5/20/19 14:05,5/20/19 14:10,5/20/19 14:10,Monday,2:00 PM,5/20/19 21:37,66,100,Lake Zurich,Illinois,60047,Used,D
290,A,1,19.49,19.49,0,0,19.49,USD,175837,FixedPriceItem,FALSE,0,1/15/19 1:45,1/15/19 1:45,1/15/19 1:45,Tuesday,1:00 AM,1/15/19 2:49,9226,99.4,Orland Park,Illinois,60462,Used,D
291,A,1,19.39,19.39,0,4.39,15,USD,175837,FixedPriceItem,FALSE,0,2/18/19 6:27,2/18/19 6:27,2/18/19 6:27,Monday,6:00 AM,2/18/19 6:43,1,100,Tinley Park,Illinois,60487,Used,D
292,A,1,19.38,19.38,0,4.39,14.99,USD,175837,Chinese,FALSE,1,6/6/19 3:21,6/6/19 2:30,6/6/19 2:30,Thursday,2:00 AM,\N,2,100,Schaumburg,Illinois,60193,Used,D
293,A,1,19,19,0,0,19,USD,175837,Chinese,FALSE,1,6/13/19 21:54,6/13/19 21:58,6/13/19 21:58,Thursday,9:00 PM,6/14/19 17:57,0,0,Arlington Heights,Illinois,60004,Used,D
294,A,1,19,19,0,0,19,USD,175837,FixedPriceItem,FALSE,0,6/6/19 20:19,6/6/19 20:30,6/6/19 20:30,Thursday,8:00 PM,6/7/19 19:43,0,0,Urbana,Illinois,61802,Used,D
295,A,1,18.99,18.99,0,3.99,15,USD,175837,FixedPriceItem,FALSE,0,3/10/19 3:50,3/10/19 3:50,3/10/19 3:50,Sunday,3:00 AM,3/10/19 16:42,372,100,Wheeling,Illinois,60090,Used,D
296,A,1,18.98,18.98,0,3.99,14.99,USD,175837,FixedPriceItem,FALSE,0,5/24/19 18:26,5/24/19 14:46,5/24/19 14:46,Friday,2:00 PM,5/25/19 8:30,429,95.9,McHenry,Illinois,60051,Used,D
297,A,1,18.36,18.36,0,0,18.36,USD,2228,FixedPriceItem,FALSE,0,4/5/19 0:19,4/5/19 0:19,4/5/19 0:19,Friday,12:00 AM,4/7/19 20:18,3404,99.6,Alton,Illinois,62002,Like New,D
298,A,1,17.99,17.99,0,0,17.99,USD,175837,FixedPriceItem,FALSE,0,1/20/19 8:33,1/20/19 8:33,1/20/19 8:33,Sunday,8:00 AM,1/22/19 7:15,25,93.1,Bensenville,Illinois,60106,Used,D
299,A,1,17.39,17.39,0,4.39,13,USD,175837,Chinese,FALSE,1,4/1/19 0:08,4/1/19 0:08,4/1/19 0:08,Monday,12:00 AM,4/3/19 18:12,5,0,Chicago,Illinois,60642,Used,D
300,A,1,17,17,0,0,17,USD,175837,FixedPriceItem,FALSE,0,2/10/19 20:48,2/10/19 20:48,2/10/19 20:48,Sunday,8:00 PM,2/11/19 4:19,1400,100,Chicago,Illinois,60634,Used,D
301,A,1,14.39,14.39,0,4.39,10,USD,175837,Chinese,FALSE,1,6/2/19 20:53,6/2/19 20:57,6/2/19 20:57,Sunday,8:00 PM,6/3/19 5:17,886,100,Chicago,Illinois,60618,Used,D
302,A,1,14.38,14.38,0,4.39,9.99,USD,175837,FixedPriceItem,FALSE,0,3/20/19 18:18,3/20/19 18:18,3/20/19 18:18,Wednesday,6:00 PM,3/20/19 20:37,130,100,Naperville,Illinois,60564,Used,D
303,A,1,9.99,9.99,0,0,9.99,USD,61312,FixedPriceItem,FALSE,0,1/20/19 16:25,1/20/19 16:25,1/20/19 16:25,Sunday,4:00 PM,1/20/19 16:59,1828,100,Troy,Illinois,62294,Used,D
304,A,1,19.99,19.99,0,0,19.99,USD,175837,FixedPriceItem,FALSE,0,5/20/19 0:06,5/19/19 0:00,5/19/19 0:00,Sunday,12:00 AM,5/20/19 14:08,228,100,Lewiston,Idaho,83501,Used,D
305,A,1,19.99,19.99,0,0,19.99,USD,175837,FixedPriceItem,FALSE,0,3/15/19 21:25,3/15/19 21:25,3/15/19 21:25,Friday,9:00 PM,3/15/19 21:45,983,99.3,Rexburg,Idaho,83440,Used,D
306,A,1,19.99,19.99,0,0,19.99,USD,175837,FixedPriceItem,FALSE,0,3/15/19 21:29,3/15/19 21:29,3/15/19 21:29,Friday,9:00 PM,3/15/19 21:45,983,99.3,Rexburg,Idaho,83440,Used,D
307,A,1,19.99,19.99,0,0,19.99,USD,175837,FixedPriceItem,FALSE,0,3/3/19 19:22,3/3/19 19:22,3/3/19 19:22,Sunday,7:00 PM,3/4/19 21:14,478,100,Pocatello,Idaho,83201,Used,D
308,A,1,19.99,19.99,0,0,19.99,USD,2228,FixedPriceItem,FALSE,0,2/6/19 0:00,2/6/19 0:00,2/6/19 0:00,Wednesday,12:00 AM,3/4/19 21:14,478,100,Pocatello,Idaho,83201,Very Good,D
309,A,1,19.99,19.99,0,0,19.99,USD,175837,FixedPriceItem,FALSE,0,3/14/19 23:34,3/14/19 23:34,3/14/19 23:34,Thursday,11:00 PM,3/15/19 2:44,329,100,Boise,Idaho,83704,Used,D
310,A,1,19.95,19.95,0,0,19.95,USD,175837,FixedPriceItem,FALSE,0,2/27/19 4:10,2/27/19 4:10,2/27/19 4:10,Wednesday,4:00 AM,2/27/19 4:27,153,98.7,Boise,Idaho,83709,Used,D
311,A,1,17.99,17.99,0,0,17.99,USD,175837,FixedPriceItem,FALSE,0,6/24/19 19:18,6/24/19 19:23,6/24/19 19:23,Monday,7:00 PM,6/25/19 21:49,1556,100,Boise,Idaho,83705,Used,O
312,A,1,20.95,20.95,0,4,16.95,USD,175837,FixedPriceItem,FALSE,0,12/28/18 21:54,12/28/18 21:54,12/28/18 21:54,Friday,9:00 PM,12/29/18 14:36,58,97.4,Fairburn,Georgia,30213,Used,D
313,A,1,20,20,0,0,20,USD,175837,Chinese,FALSE,1,5/11/19 23:02,5/11/19 23:06,5/11/19 23:06,Saturday,11:00 PM,5/13/19 20:50,269,95.3,Statesboro,Georgia,30458,Used,D
314,A,1,20,20,0,0,20,USD,175837,FixedPriceItem,FALSE,0,11/15/18 18:44,11/15/18 18:44,11/15/18 18:44,Thursday,6:00 PM,11/15/18 19:03,55,100,Stone Mountain,Georgia,30083,Used,D
315,A,1,20,20,0,0,20,USD,175837,FixedPriceItem,FALSE,0,5/15/19 14:19,5/15/19 15:02,5/15/19 15:02,Wednesday,3:00 PM,5/16/19 21:26,270,95.3,Statesboro,Georgia,30458,Used,D
316,A,1,19.99,19.99,0,0,19.99,USD,175837,FixedPriceItem,FALSE,0,6/1/19 3:36,6/1/19 2:30,6/1/19 2:30,Saturday,2:00 AM,6/1/19 20:43,7242,100,Lilburn,Georgia,30047,Used,D
317,A,1,19.98,19.98,0,3.99,15.99,USD,175837,FixedPriceItem,FALSE,0,2/15/19 15:28,2/15/19 15:28,2/15/19 15:28,Friday,3:00 PM,2/19/19 14:39,0,0,Dallas,Georgia,30157,Used,D
318,A,1,19.98,19.98,0,0,19.98,USD,175837,FixedPriceItem,FALSE,0,3/14/19 17:34,3/14/19 17:34,3/14/19 17:34,Thursday,5:00 PM,3/14/19 18:00,211,100,Hortense,Georgia,31543,Used,D
319,A,1,19.44,19.44,0,4.49,14.95,USD,175837,FixedPriceItem,FALSE,0,5/31/19 19:24,5/31/19 19:27,5/31/19 19:27,Friday,7:00 PM,6/1/19 19:22,46,100,Villa Rica,Georgia,30180,Used,D
320,A,1,19,19,0,0,19,USD,175837,FixedPriceItem,FALSE,0,3/10/19 16:13,3/10/19 16:13,3/10/19 16:13,Sunday,4:00 PM,3/11/19 13:45,1745,100,Woodstock,Georgia,30189,Used,D
321,A,1,18.99,18.99,0,4.49,14.5,USD,175837,Chinese,TRUE,4,4/5/19 13:33,4/5/19 13:33,4/5/19 13:33,Friday,1:00 PM,4/16/19 15:23,0,0,Atlanta,Georgia,30327,Used,D
322,A,1,16.99,16.99,0,0,16.99,USD,175837,FixedPriceItem,FALSE,0,5/20/19 3:47,5/20/19 3:53,5/20/19 3:53,Monday,3:00 AM,5/21/19 23:01,40,83.3,Roswell,Georgia,30075,Open box,D
323,A,1,15.24,15.24,0,4.49,10.75,USD,175837,Chinese,FALSE,1,2/11/19 18:09,2/11/19 18:09,2/11/19 18:09,Monday,6:00 PM,\N,67,100,Roswell,Georgia,30075,Used,D
324,A,1,14.99,14.99,0,0,14.99,USD,175837,FixedPriceItem,FALSE,0,3/25/19 18:00,3/25/19 18:00,3/25/19 18:00,Monday,6:00 PM,3/25/19 18:11,731,100,Atlanta,Georgia,30301,Used,D
325,A,1,13,13,0,0,13,USD,175837,FixedPriceItem,FALSE,0,6/10/19 21:32,6/10/19 21:35,6/10/19 21:35,Monday,9:00 PM,6/11/19 5:57,451,100,Ellabell,Georgia,31308,Used,D
326,A,1,11.49,11.49,0,4.49,7,USD,175837,Chinese,FALSE,1,2/8/19 20:24,2/8/19 20:24,2/8/19 20:24,Friday,8:00 PM,3/8/19 14:06,4,0,Gainesville,Georgia,30501,Used,D
327,A,2,18.9,37.8,0,5.4,32.4,USD,175837,FixedPriceItem,FALSE,0,6/1/19 22:07,6/1/19 22:11,6/1/19 22:11,Saturday,10:00 PM,\N,83,100,Miami,Florida,33174,Used,D
328,A,1,22.95,22.95,0,0.01,15,USD,175837,Chinese,FALSE,1,2/11/19 12:56,2/11/19 12:56,2/11/19 12:56,Monday,12:00 PM,\N,28,100,Miami,Florida,33185,Used,D
329,A,1,20,20,0,0,20,USD,175837,Chinese,FALSE,1,4/5/19 0:57,4/5/19 0:57,4/5/19 0:57,Friday,12:00 AM,4/5/19 13:05,355,100,Pompano Beach,Florida,33065,Used,D
330,A,1,20,20,0,0,20,USD,175837,Chinese,FALSE,1,5/30/19 13:36,5/30/19 13:42,5/30/19 13:42,Thursday,1:00 PM,6/3/19 21:37,0,0,Tampa,Florida,33620,Used,D
331,A,1,20,20,0,0,20,USD,175837,FixedPriceItem,FALSE,0,5/26/19 23:43,5/26/19 23:48,5/26/19 23:48,Sunday,11:00 PM,5/27/19 8:46,1,100,Orlando,Florida,32822,Used,D
332,A,1,20,20,0,5,15,USD,175837,FixedPriceItem,FALSE,0,2/7/19 18:45,2/7/19 18:45,2/7/19 18:45,Thursday,6:00 PM,2/7/19 19:12,550,99.2,Hollywood,Florida,33029,Used,D
333,A,1,20,20,0,0,20,USD,175837,FixedPriceItem,FALSE,0,6/8/19 21:23,6/8/19 21:28,6/8/19 21:28,Saturday,9:00 PM,6/10/19 18:57,0,0,Saint Johns,Florida,32259,Used,D
334,A,1,20,20,0,2.75,17.25,USD,2228,FixedPriceItem,FALSE,0,5/27/19 18:19,5/31/19 21:10,5/31/19 21:10,Friday,9:00 PM,6/15/19 17:49,0,50,West Palm Beach,Florida,33409,Brand New,D
335,A,1,20,20,0,0,20,USD,175837,FixedPriceItem,FALSE,0,6/11/19 20:00,6/11/19 20:04,6/11/19 20:04,Tuesday,8:00 PM,6/12/19 4:09,133,100,Seminole,Florida,33772,Used,D
336,A,1,20,20,0,0,20,USD,175837,FixedPriceItem,FALSE,0,5/15/19 22:33,5/15/19 22:36,5/15/19 22:36,Wednesday,10:00 PM,5/17/19 22:47,87,100,Wesley Chapel,Florida,33545,Used,D
337,A,1,20,20,0,0,20,USD,175837,FixedPriceItem,FALSE,0,2/27/19 21:51,2/27/19 21:51,2/27/19 21:51,Wednesday,9:00 PM,3/5/19 17:11,1,0,Miami,Florida,33184,New,D
338,A,1,20,20,0,0,20,USD,175837,FixedPriceItem,FALSE,0,5/31/19 16:48,5/31/19 16:51,5/31/19 16:51,Friday,4:00 PM,6/3/19 15:10,274,100,Clearwater,Florida,33761,Used,D
339,A,1,20,20,0,4.57,15.43,USD,175837,FixedPriceItem,FALSE,0,6/5/19 0:45,6/5/19 0:51,6/5/19 0:51,Wednesday,12:00 AM,6/5/19 9:05,20,100,Fort Lauderdale,Florida,33314,Used,D
340,A,1,20,20,0,0,20,USD,3144,FixedPriceItem,FALSE,0,1/20/19 23:16,1/20/19 23:16,1/20/19 23:16,Sunday,11:00 PM,1/22/19 19:20,8686,100,Saint Petersburg,Florida,33709,\N,D
341,A,1,19.99,19.99,0,0,19.99,USD,175837,FixedPriceItem,FALSE,0,2/16/19 22:48,2/16/19 22:48,2/16/19 22:48,Saturday,10:00 PM,2/17/19 15:26,5909,100,Lake Mary,Florida,32746,Used,D
342,A,1,19.99,19.99,0,0,19.99,USD,175837,FixedPriceItem,FALSE,0,2/11/19 21:08,2/11/19 21:08,2/11/19 21:08,Monday,9:00 PM,2/11/19 21:20,3398,100,Orlando,Florida,32828,New other ,D
343,A,1,19.99,19.99,0,0,19.99,USD,175837,FixedPriceItem,FALSE,0,3/16/19 0:26,3/16/19 0:26,3/16/19 0:26,Saturday,12:00 AM,4/17/19 22:53,182,98.2,Brooksville,Florida,34613,Used,D
344,A,1,19.97,19.97,0,0,19.97,USD,2228,FixedPriceItem,FALSE,0,3/27/19 17:13,3/27/19 17:13,3/27/19 17:13,Wednesday,5:00 PM,3/28/19 0:07,27,100,Fort Lauderdale,Florida,33324,Very Good,D
345,A,1,19.95,19.95,0,0,19.95,USD,175837,FixedPriceItem,FALSE,0,3/7/19 18:41,3/7/19 18:41,3/7/19 18:41,Thursday,6:00 PM,3/8/19 16:02,69,100,Oviedo,Florida,32766,Used,D
346,A,1,19.95,19.95,0,0,19.95,USD,2228,FixedPriceItem,FALSE,0,1/1/19 17:22,1/1/19 17:22,1/1/19 17:22,Tuesday,5:00 PM,1/2/19 15:21,2186,99.6,Tampa,Florida,33619,Very Good,D
347,A,1,19.88,19.88,0,0,19.88,USD,175837,FixedPriceItem,FALSE,0,5/20/19 2:45,5/20/19 2:48,5/20/19 2:48,Monday,2:00 AM,5/20/19 10:56,150,99.2,Tallahassee,Florida,32305,Used,D
348,A,1,19.87,19.87,0,0,19.87,USD,175837,FixedPriceItem,FALSE,0,6/9/19 20:09,6/9/19 20:13,6/9/19 20:13,Sunday,8:00 PM,6/11/19 0:20,1981,100,Lakeland,Florida,33802,Used,D
349,A,1,19.82,19.82,0,3.82,16,USD,175837,Chinese,FALSE,1,4/13/19 16:37,4/13/19 16:37,4/13/19 16:37,Saturday,4:00 PM,4/13/19 18:12,16,100,Miami,Florida,33169,Used,D
350,A,1,19.75,19.75,0,3.75,16,USD,175837,Chinese,FALSE,1,1/7/19 23:49,1/7/19 23:49,1/7/19 23:49,Monday,11:00 PM,1/8/19 4:22,10,100,New Port Richey,Florida,34655,Used,D
351,A,1,19.53,19.53,0,4.53,15,USD,175837,FixedPriceItem,FALSE,0,6/29/19 20:51,6/29/19 20:59,6/29/19 20:59,Saturday,8:00 PM,6/30/19 5:30,1,100,Longwood,Florida,32779,Used,O
352,A,1,19.5,19.5,0,7.5,12,USD,175837,FixedPriceItem,FALSE,0,5/19/19 3:53,5/19/19 3:58,5/19/19 3:58,Sunday,3:00 AM,5/20/19 17:35,725,100,Fort Lauderdale,Florida,33326,Used,D
353,A,1,19.48,19.48,0,4.53,14.95,USD,175837,FixedPriceItem,FALSE,0,6/5/19 18:29,6/5/19 18:34,6/5/19 18:34,Wednesday,6:00 PM,6/6/19 4:16,651,100,Orlando,Florida,32826,Used,D
354,C,1,19.49,19.49,0,0,19.49,USD,9972,FixedPriceItem,FALSE,0,6/2/19 18:42,6/2/19 18:50,,Saturday,12:00 AM,6/3/19 18:43,4070,99.8,The Villages,Florida,32162,Used,D
355,A,1,19.27,19.27,0,3.28,15.99,USD,175837,FixedPriceItem,FALSE,0,5/6/19 2:45,5/6/19 0:00,5/6/19 0:00,Monday,12:00 AM,5/6/19 12:10,2218,99.6,Englewood,Florida,34223,Used,D
356,A,1,19,19,0,0,19,USD,175837,FixedPriceItem,FALSE,0,6/15/19 16:05,6/15/19 16:10,6/15/19 16:10,Saturday,4:00 PM,6/15/19 19:05,100,100,Brooksville,Florida,34602,Used,D
357,A,1,19,19,0,0,19,USD,175837,FixedPriceItem,FALSE,0,3/26/19 20:59,3/26/19 20:59,3/26/19 20:59,Tuesday,8:00 PM,3/28/19 16:57,231,100,Fort Lauderdale,Florida,33328,Used,D
358,A,1,18.78,18.78,0,3.78,15,USD,175837,FixedPriceItem,FALSE,0,4/23/19 14:56,4/24/19 2:57,4/24/19 2:57,Wednesday,2:00 AM,4/24/19 12:23,1,100,Altamonte Springs,Florida,32701,Used,D
359,A,1,18.75,18.75,0,3.75,15,USD,175837,FixedPriceItem,FALSE,0,1/20/19 22:45,1/20/19 22:45,1/20/19 22:45,Sunday,10:00 PM,1/24/19 18:48,23,100,Hollywood,Florida,33023,Used,D
360,A,1,18.75,18.75,0,3.75,15,USD,175837,FixedPriceItem,FALSE,0,1/25/19 18:37,1/25/19 18:37,1/25/19 18:37,Friday,6:00 PM,1/25/19 18:59,40,100,Miami,Florida,33170,Used,D
361,A,1,18.5,18.5,0,0,18.5,USD,175837,Chinese,FALSE,1,5/21/19 12:57,5/21/19 13:00,5/21/19 13:00,Tuesday,1:00 PM,5/21/19 14:42,59,50,Orlando,Florida,32828,Used,D
362,A,1,17.99,17.99,0,0,17.99,USD,175837,FixedPriceItem,FALSE,0,5/7/19 23:42,5/7/19 23:53,5/7/19 23:53,Tuesday,11:00 PM,5/9/19 8:34,131,100,Melbourne,Florida,32940,Used,D
363,A,1,16.53,16.53,0,4.53,12,USD,175837,FixedPriceItem,FALSE,0,4/28/19 17:50,4/29/19 5:51,4/29/19 5:51,Monday,5:00 AM,\N,22,100,Orlando,Florida,32820,Used,D
364,A,1,16,16,0,0,16,USD,175837,FixedPriceItem,FALSE,0,7/3/19 21:13,7/3/19 21:18,7/3/19 21:18,Wednesday,9:00 PM,\N,250,100,Rockledge,Florida,32955,Used,O
365,A,1,14.99,14.99,0,0,14.99,USD,175837,FixedPriceItem,FALSE,0,4/7/19 23:34,4/7/19 23:34,4/7/19 23:34,Sunday,11:00 PM,4/8/19 21:24,4147,99.6,Winter Park,Florida,32792,Used,D
366,A,1,14.53,14.53,0,4.53,10,USD,175837,Chinese,FALSE,1,3/2/19 21:46,3/2/19 21:46,3/2/19 21:46,Saturday,9:00 PM,3/3/19 22:11,27,0,Orlando,Florida,32822,Used,D
367,A,1,12.75,12.75,0,3.75,9,USD,175837,FixedPriceItem,FALSE,0,1/20/19 22:38,1/20/19 22:38,1/20/19 22:38,Sunday,10:00 PM,1/24/19 18:49,23,100,Hollywood,Florida,33023,Used,D
368,A,1,8,8,0,3,5,USD,175837,Chinese,FALSE,1,6/28/19 22:39,6/28/19 23:00,6/28/19 23:00,Friday,11:00 PM,6/29/19 17:14,137,100,Port Saint Lucie,Florida,34986,Used,O
369,A,1,19.53,19.53,0,4.53,15,USD,175837,FixedPriceItem,FALSE,0,3/22/19 3:19,3/22/19 3:19,3/22/19 3:19,Friday,3:00 AM,3/22/19 19:38,94,100,Newark,Delaware,19711,Used,D
370,B,25,8,200,0,0,200,USD,175837,FixedPriceItem,FALSE,0,6/4/19 13:59,6/4/19 15:45,6/4/19 15:45,Tuesday,3:00 PM,6/5/19 7:00,17156,98.4,Waterbury,Connecticut,6708,Used,D
371,A,1,20,20,0,0,20,USD,175837,FixedPriceItem,FALSE,0,2/25/19 2:10,2/25/19 2:10,2/25/19 2:10,Monday,2:00 AM,2/25/19 15:48,256,100,Southbury,Connecticut,6488,Used,D
372,A,1,20,20,0,0,20,USD,175837,FixedPriceItem,FALSE,0,6/7/19 1:48,6/7/19 16:21,6/7/19 16:21,Friday,4:00 PM,6/10/19 18:52,49,100,Glastonbury,Connecticut,6033,Used,D
373,A,1,19.99,19.99,0,0,19.99,USD,175837,FixedPriceItem,FALSE,0,3/16/19 6:42,3/16/19 6:42,3/16/19 6:42,Saturday,6:00 AM,3/18/19 16:17,0,0,Newtown,Connecticut,6470,Used,D
374,A,1,19.53,19.53,0,4.53,15,USD,175837,Chinese,FALSE,1,2/2/19 18:00,2/2/19 18:00,2/2/19 18:00,Saturday,6:00 PM,\N,2365,98.5,Southport,Connecticut,6890,Used,D
375,A,1,14.95,14.95,0,5,9.95,USD,175837,FixedPriceItem,FALSE,0,6/7/19 2:28,6/7/19 2:30,6/7/19 2:30,Friday,2:00 AM,6/10/19 20:44,50,100,Stamford,Connecticut,6906,Used,D
376,B,30,4.866666667,146,0,0,146,USD,175837,Chinese,FALSE,1,4/24/19 23:55,5/1/19 23:55,5/1/19 23:55,Wednesday,11:00 PM,5/23/19 4:41,0,0,Boulder,Colorado,80303,Seller ref,D
377,B,4,5,20,0,0,20,USD,175837,FixedPriceItem,FALSE,0,1/3/19 22:49,1/3/19 22:49,1/3/19 22:49,Thursday,10:00 PM,1/7/19 23:24,33,100,Denver,Colorado,80221,Used,D
378,A,1,19.99,19.99,0,0,19.99,USD,175837,FixedPriceItem,FALSE,0,4/8/19 19:17,4/8/19 19:17,4/8/19 19:17,Monday,7:00 PM,4/9/19 13:30,527,100,Parker,Colorado,80138,Used,D
379,A,1,17.87,17.87,0,4.57,13.3,USD,175837,Chinese,TRUE,2,3/12/19 0:52,3/12/19 0:52,3/12/19 0:52,Tuesday,12:00 AM,3/19/19 3:20,0,50,Grand Junction,Colorado,81504,New,D
380,A,1,8.28,8.28,0,3.28,5,USD,175837,Chinese,FALSE,1,3/31/19 22:20,3/31/19 22:20,3/31/19 22:20,Sunday,10:00 PM,3/31/19 22:25,56,100,Pueblo,Colorado,81007,Used,D
381,P,40,10.47625,419.05,0,17.6,395.95,USD,175837,FixedPriceItem,FALSE,0,2/9/19 1:37,2/9/19 1:37,2/9/19 1:37,Saturday,1:00 AM,2/11/19 21:54,5804,99.6,San Diego,California,92105,Used,D
382,A,3,16.66666667,50,0,5,45,USD,175837,FixedPriceItem,FALSE,0,6/29/19 4:14,6/29/19 2:30,6/29/19 2:30,Saturday,2:00 AM,6/29/19 12:35,27,96.6,San Ysidro,California,92173,Used,O
383,A,2,20,40,0,0,40,USD,175837,FixedPriceItem,FALSE,0,1/2/19 1:16,1/2/19 1:16,1/2/19 1:16,Wednesday,1:00 AM,1/4/19 0:18,223,100,Elk Grove,California,95758,New,D
384,C,1,27,27,0,5,22,USD,9972,FixedPriceItem,FALSE,0,5/7/19 20:17,5/7/19 20:26,,Saturday,12:00 AM,5/9/19 1:58,73,100,Redwood City,California,94061,Used,D
385,C,1,26.9,26.9,0,4.95,21.95,USD,9972,FixedPriceItem,FALSE,0,6/23/19 22:08,6/23/19 22:15,,Saturday,12:00 AM,6/24/19 7:06,753,99.2,Alameda,California,94501,Used,O
386,A,1,21.96,21.96,0,0,19.95,USD,11442,FixedPriceItem,FALSE,0,6/14/19 1:04,6/21/19 2:30,6/21/19 2:30,Friday,2:00 AM,6/21/19 16:37,10,100,Cupertino,California,95014,Like New,O
387,A,1,21,21,0,0,21,USD,175837,FixedPriceItem,FALSE,0,2/26/19 22:18,2/26/19 22:18,2/26/19 22:18,Tuesday,10:00 PM,2/27/19 18:40,207,98.9,Spring Valley,California,91977,Used,D
388,A,1,20.01,20.01,0,4.81,15.2,USD,175837,Chinese,TRUE,2,6/1/19 20:03,6/8/19 20:03,6/8/19 20:03,Saturday,8:00 PM,6/10/19 1:08,152,100,San Leandro,California,94577,Used,D
389,A,1,20,20,0,0,20,USD,175837,FixedPriceItem,FALSE,0,5/25/19 20:32,5/25/19 20:35,5/25/19 20:35,Saturday,8:00 PM,5/28/19 13:01,2,100,Fresno,California,93720,New,D
390,A,1,20,20,0,0,20,USD,175837,FixedPriceItem,FALSE,0,1/19/19 0:05,1/19/19 0:05,1/19/19 0:05,Saturday,12:00 AM,1/22/19 18:47,1097,99.4,Chula Vista,California,91911,Used,D
391,A,1,20,20,0,0,20,USD,175837,FixedPriceItem,FALSE,0,1/19/19 0:05,1/19/19 0:05,1/19/19 0:05,Saturday,12:00 AM,1/22/19 18:47,1097,99.4,Chula Vista,California,91911,Used,D
392,A,1,20,20,0,0,20,USD,175837,FixedPriceItem,FALSE,0,5/1/19 19:34,5/1/19 19:42,5/1/19 19:42,Wednesday,7:00 PM,5/3/19 20:06,1192,99.1,Chula Vista,California,91911,Used,D
393,A,1,20,20,0,0,20,USD,175837,FixedPriceItem,FALSE,0,2/28/19 5:27,2/28/19 5:27,2/28/19 5:27,Thursday,5:00 AM,3/1/19 23:35,98,100,San Francisco,California,94103,Used,D
394,A,1,20,20,0,0,20,USD,175837,FixedPriceItem,FALSE,0,5/23/19 4:16,5/23/19 4:22,5/23/19 4:22,Thursday,4:00 AM,5/23/19 12:28,20,0,San Marcos,California,92078,Used,D
395,A,1,20,20,0,0,20,USD,3783,FixedPriceItem,FALSE,0,5/18/19 1:01,5/18/19 1:05,5/18/19 1:05,Saturday,1:00 AM,5/19/19 8:46,204,100,Anaheim,California,92801,Like New,D
396,A,1,20,20,0,0,20,USD,175837,FixedPriceItem,FALSE,0,6/2/19 21:23,6/2/19 21:28,6/2/19 21:28,Sunday,9:00 PM,6/4/19 19:34,538,100,North Hollywood,California,91601,Open box,D
397,A,1,19.99,19.99,0,3,16.99,USD,175837,Chinese,FALSE,1,6/3/19 2:00,6/3/19 2:01,6/3/19 2:01,Monday,2:00 AM,6/3/19 18:10,14396,99.6,Taft,California,93268,Used,D
398,A,1,19.99,19.99,0,0,19.99,USD,175837,FixedPriceItem,FALSE,0,5/15/19 18:16,5/15/19 18:29,5/15/19 18:29,Wednesday,6:00 PM,5/16/19 0:15,98,100,Sunnyvale,California,94086,Used,D
399,A,1,19.99,19.99,0,0,19.99,USD,175837,FixedPriceItem,FALSE,0,6/12/19 20:17,6/12/19 20:22,6/12/19 20:22,Wednesday,8:00 PM,6/12/19 21:25,70,100,Glendale,California,91202,Used,D
400,A,1,19.99,19.99,0,0,19.99,USD,175837,FixedPriceItem,FALSE,0,6/30/19 22:23,6/30/19 22:27,6/30/19 22:27,Sunday,10:00 PM,7/1/19 6:58,41,100,Los Angeles,California,90014,Used,O
401,A,1,19.99,19.99,0,0,19.99,USD,175837,FixedPriceItem,FALSE,0,3/28/19 2:34,3/28/19 2:34,3/28/19 2:34,Thursday,2:00 AM,3/28/19 16:48,1751,100,San Diego,California,92168,Used,D
402,A,1,19.99,19.99,0,0,19.99,USD,175837,FixedPriceItem,FALSE,0,4/2/19 2:17,4/2/19 2:17,4/2/19 2:17,Tuesday,2:00 AM,4/2/19 2:37,349,95.8,Oxnard,California,93035,New,D
403,A,1,19.99,19.99,0,0,19.99,USD,175837,FixedPriceItem,FALSE,0,4/29/19 0:43,4/29/19 0:48,4/29/19 0:48,Monday,12:00 AM,4/29/19 7:17,46,100,San Diego,California,92122,Used,D
404,A,1,19.99,19.99,0,0,19.99,USD,175837,FixedPriceItem,FALSE,0,5/27/19 5:57,5/27/19 2:30,5/27/19 2:30,Monday,2:00 AM,5/30/19 19:40,205,100,San Francisco,California,94124,Used,D
405,A,1,19.99,19.99,0,0,19.99,USD,175837,FixedPriceItem,FALSE,0,3/7/19 4:58,3/7/19 4:58,3/7/19 4:58,Thursday,4:00 AM,3/7/19 21:06,1368,99.3,Pomona,California,91767,Used,D
406,A,1,19.99,19.99,0,0,19.99,USD,175837,FixedPriceItem,FALSE,0,6/5/19 7:21,6/5/19 19:23,6/5/19 19:23,Wednesday,7:00 PM,6/7/19 1:01,16,100,San Diego,California,92115,Used,O
407,A,1,19.99,19.99,0,0,19.99,USD,175837,FixedPriceItem,FALSE,0,5/1/19 20:58,5/1/19 21:02,5/1/19 21:02,Wednesday,9:00 PM,5/3/19 4:13,141,100,Redding,California,96001,New,D
408,A,1,19.99,19.99,0,0,19.99,USD,175837,FixedPriceItem,FALSE,0,5/15/19 21:09,5/15/19 21:14,5/15/19 21:14,Wednesday,9:00 PM,5/15/19 22:05,75,100,Bakersfield,California,93390,Used,D
409,A,1,19.95,19.95,0,0,19.95,USD,175837,FixedPriceItem,FALSE,0,6/11/19 22:42,6/11/19 22:47,6/11/19 22:47,Tuesday,10:00 PM,6/12/19 23:15,1400,100,Redding,California,96002,Used,D
410,A,1,19.95,19.95,0,0,19.95,USD,175837,FixedPriceItem,FALSE,0,3/19/19 23:47,5/26/19 18:02,5/26/19 18:02,Sunday,6:00 PM,5/27/19 3:25,94,100,Novato,California,94947,Used,D
411,A,1,19.95,19.95,0,0,19.95,USD,175837,FixedPriceItem,FALSE,0,5/6/19 1:43,5/6/19 1:46,5/6/19 1:46,Monday,1:00 AM,5/6/19 2:35,286,100,Ripon,California,95366,Used,D
412,A,1,19.95,19.95,0,0,19.95,USD,175837,FixedPriceItem,FALSE,0,5/8/19 0:37,5/8/19 0:55,5/8/19 0:55,Wednesday,12:00 AM,5/8/19 2:09,287,100,Ripon,California,95366,Used,D
413,A,1,19.95,19.95,0,0,19.95,USD,175837,FixedPriceItem,FALSE,0,5/22/19 5:09,5/22/19 5:16,5/22/19 5:16,Wednesday,5:00 AM,5/22/19 15:48,3781,100,Ceres,California,95307,Used,D
414,A,1,19.88,19.88,0,0,19.88,USD,175837,FixedPriceItem,FALSE,0,6/1/19 0:09,6/1/19 0:39,6/1/19 0:39,Saturday,12:00 AM,6/1/19 8:43,183,97.9,San Ysidro,California,92173,Used,D
415,A,1,19.81,19.81,0,4.81,15,USD,3144,FixedPriceItem,FALSE,0,6/8/19 23:57,6/9/19 0:01,6/9/19 0:01,Sunday,12:00 AM,6/9/19 8:04,446,100,Pacifica,California,94044,\N,D
416,A,1,19.74,19.74,0,3.75,15.99,USD,2228,FixedPriceItem,FALSE,0,1/23/19 23:09,1/23/19 23:09,1/23/19 23:09,Wednesday,11:00 PM,1/24/19 0:01,107,100,Torrance,California,90503,Good,D
417,A,1,19.69,19.69,0,4.69,15,USD,175837,Chinese,FALSE,1,4/23/19 23:40,4/23/19 23:49,4/23/19 23:49,Tuesday,11:00 PM,4/25/19 15:00,1648,100,Calexico,California,92231,Used,D
418,A,1,19.69,19.69,0,4.69,15,USD,175837,Chinese,FALSE,1,5/26/19 5:02,5/26/19 2:30,5/26/19 2:30,Sunday,2:00 AM,5/27/19 6:38,23,100,Oceanside,California,92056,Used,D
419,A,1,19.5,19.5,0,7.5,12,USD,175837,Chinese,FALSE,1,5/1/19 20:10,5/8/19 20:10,5/8/19 20:10,Wednesday,8:00 PM,5/8/19 21:54,227,100,Manteca,California,95336,Used,D
420,A,1,19.45,19.45,0,0,19.45,USD,175837,FixedPriceItem,FALSE,0,5/23/19 23:29,5/23/19 23:37,5/23/19 23:37,Thursday,11:00 PM,5/25/19 1:05,2471,99.8,Elk Grove,California,95758,Used,D
421,A,1,19.19,19.19,0,4.19,15,USD,2228,FixedPriceItem,FALSE,0,3/25/19 2:02,3/25/19 2:02,3/25/19 2:02,Monday,2:00 AM,4/21/19 20:14,282,100,Del Mar,California,92014,Like New,D
422,A,1,19,19,0,0,19,USD,61312,FixedPriceItem,FALSE,0,6/30/19 3:44,6/30/19 2:30,6/30/19 2:30,Sunday,2:00 AM,7/1/19 20:14,6900,100,Rail Road Flat,California,95248,Used,O
423,A,1,19,19,0,0,19,USD,175837,FixedPriceItem,FALSE,0,5/30/19 13:08,5/30/19 13:18,5/30/19 13:18,Thursday,1:00 PM,6/4/19 22:44,188,100,Chico,California,95926,Used,D
424,A,1,18.99,18.99,0,0,18.99,USD,175837,FixedPriceItem,FALSE,0,4/18/19 20:33,4/18/19 20:33,4/18/19 20:33,Thursday,8:00 PM,4/19/19 15:48,110,100,San Luis Obispo,California,93405,Used,D
425,A,1,18.95,18.95,0,0,18.95,USD,175837,FixedPriceItem,FALSE,0,6/30/19 1:25,6/30/19 1:29,6/30/19 1:29,Sunday,1:00 AM,6/30/19 1:57,692,100,Oxnard,California,93030,Used,O
426,A,1,18.76,18.76,0,3.88,14.88,USD,175837,FixedPriceItem,FALSE,0,6/11/19 16:32,6/11/19 16:35,6/11/19 16:35,Tuesday,4:00 PM,6/12/19 1:57,507,100,San Jose,California,95111,Used,D
427,A,1,18.5,18.5,0,0,18.5,USD,175837,FixedPriceItem,FALSE,0,5/15/19 21:15,5/15/19 21:22,5/15/19 21:22,Wednesday,9:00 PM,5/16/19 20:49,190,100,El Centro,California,92243,Used,D
428,A,1,18,18,0,0,18,USD,175837,FixedPriceItem,FALSE,0,5/11/19 20:24,5/11/19 20:32,5/11/19 20:32,Saturday,8:00 PM,5/15/19 2:32,12,100,Anaheim,California,92808,Used,D
429,A,1,18,18,0,0,18,USD,175837,FixedPriceItem,FALSE,0,1/18/19 22:00,1/18/19 22:00,1/18/19 22:00,Friday,10:00 PM,1/19/19 19:31,495,100,Sacramento,California,95816,Used,D
430,A,1,18,18,0,0,18,USD,175837,FixedPriceItem,FALSE,0,2/23/19 20:32,2/23/19 20:32,2/23/19 20:32,Saturday,8:00 PM,2/23/19 21:31,5902,99.2,Buena Park,California,90620,Used,D
431,A,1,17.99,17.99,0,0,17.99,USD,175837,FixedPriceItem,FALSE,0,4/28/19 16:32,4/28/19 16:36,4/28/19 16:36,Sunday,4:00 PM,4/28/19 18:09,1669,100,Fresno,California,93702,Used,D
432,A,1,17.99,17.99,0,0,17.99,USD,175837,FixedPriceItem,FALSE,0,6/26/19 16:45,6/26/19 21:41,6/26/19 21:41,Wednesday,9:00 PM,6/26/19 18:04,11465,99.2,Anaheim,California,92802,Used,O
433,A,1,17.9,17.9,0,7.9,10,USD,175837,Chinese,FALSE,1,5/14/19 17:11,5/14/19 17:24,5/14/19 17:24,Tuesday,5:00 PM,5/16/19 1:20,2642,100,Reseda,California,91335,Used,D
434,A,1,17.75,17.75,0,0,17.75,USD,175837,FixedPriceItem,FALSE,0,4/18/19 3:53,4/18/19 3:53,4/18/19 3:53,Thursday,3:00 AM,4/20/19 2:11,217,97,Elk Grove,California,95624,Used,D
435,A,1,17.69,17.69,0,4.69,13,USD,175837,FixedPriceItem,FALSE,0,3/25/19 3:50,3/25/19 3:50,3/25/19 3:50,Monday,3:00 AM,\N,0,0,Chico,California,95926,Used,D
436,A,1,17.09,17.09,0,4.1,12.99,USD,61312,FixedPriceItem,FALSE,0,1/5/19 1:31,1/5/19 1:31,1/5/19 1:31,Saturday,1:00 AM,1/5/19 20:26,3512,99.9,Chula Vista,California,91911,Used,D
437,A,1,17,17,0,5,12,USD,175837,FixedPriceItem,FALSE,0,3/28/19 19:27,3/28/19 19:27,3/28/19 19:27,Thursday,7:00 PM,3/28/19 23:27,22,100,Fullerton,California,92833,Used,D
438,A,1,17,17,0,3,14,USD,175837,FixedPriceItem,FALSE,0,4/5/19 23:03,4/5/19 23:03,4/5/19 23:03,Friday,11:00 PM,4/7/19 2:46,1886,100,Burlingame,California,94010,Used,D
439,A,1,16.95,16.95,0,0,16.95,USD,175837,FixedPriceItem,FALSE,0,12/30/18 2:30,12/30/18 2:30,12/30/18 2:30,Sunday,2:00 AM,12/30/18 2:49,338,100,Winters,California,95694,Used,D
440,A,1,16.69,16.69,0,4.69,12,USD,175837,FixedPriceItem,FALSE,0,3/25/19 3:48,3/25/19 3:48,3/25/19 3:48,Monday,3:00 AM,\N,0,0,Chico,California,95926,Used,D
441,A,1,16.61,16.61,0,4.81,11.8,USD,175837,Chinese,FALSE,1,2/19/19 22:19,2/19/19 22:19,2/19/19 22:19,Tuesday,10:00 PM,3/19/19 2:41,1,100,Albany,California,94706,Used,D
442,A,1,16.5,16.5,0,0,16.5,USD,175837,FixedPriceItem,FALSE,0,6/11/19 5:12,6/11/19 2:30,6/11/19 2:30,Tuesday,2:00 AM,6/12/19 5:16,515,99.8,San Francisco,California,94107,Used,D
443,A,1,16.5,16.5,0,1.5,15,USD,175837,FixedPriceItem,FALSE,0,5/26/19 4:25,5/26/19 2:30,5/26/19 2:30,Sunday,2:00 AM,5/27/19 3:12,483,100,Burlingame,California,94010,Used,D
444,A,1,16,16,0,8,8,USD,175837,FixedPriceItem,FALSE,0,4/14/19 1:11,4/14/19 1:11,4/14/19 1:11,Sunday,1:00 AM,4/15/19 19:23,86,100,Buena Park,California,90621,Used,D
445,A,1,16,16,0,0,16,USD,175837,FixedPriceItem,FALSE,0,3/21/19 1:17,3/21/19 1:17,3/21/19 1:17,Thursday,1:00 AM,3/21/19 1:36,1127,100,Winnetka,California,91306,Used,D
446,A,1,16,16,0,4,12,USD,175837,FixedPriceItem,FALSE,0,3/21/19 1:04,3/21/19 1:04,3/21/19 1:04,Thursday,1:00 AM,3/21/19 1:36,183,100,Huntington Beach,California,92647,Used,D
447,A,1,15.69,15.69,0,4.69,11,USD,175837,FixedPriceItem,FALSE,0,3/5/19 2:56,3/5/19 2:56,3/5/19 2:56,Tuesday,2:00 AM,3/6/19 19:47,2258,98.8,Pomona,California,91767,Used,D
448,A,1,15.5,15.5,0,0,15.5,USD,175837,FixedPriceItem,FALSE,0,1/19/19 2:30,1/19/19 2:30,1/19/19 2:30,Saturday,2:00 AM,1/19/19 2:48,37,100,Fountain Valley,California,92708,Used,D
449,A,1,15,15,0,5,10,USD,175837,FixedPriceItem,FALSE,0,2/20/19 0:04,2/20/19 0:04,2/20/19 0:04,Wednesday,12:00 AM,2/20/19 22:48,1193,99,Montrose,California,91020,Used,D
450,A,1,14.99,14.99,0,0,14.99,USD,175837,FixedPriceItem,FALSE,0,3/17/19 2:28,3/17/19 2:28,3/17/19 2:28,Sunday,2:00 AM,3/19/19 19:26,300,98.4,Murrieta,California,92562,Used,D
451,A,1,14.49,14.49,0,4.5,9.99,USD,175837,FixedPriceItem,FALSE,0,3/26/19 12:09,3/26/19 12:09,3/26/19 12:09,Tuesday,12:00 PM,3/29/19 21:20,3590,99.2,Citrus Heights,California,95621,Used,D
452,A,1,14,14,0,0,14,USD,175837,FixedPriceItem,FALSE,0,3/7/19 19:39,3/7/19 19:39,3/7/19 19:39,Thursday,7:00 PM,3/8/19 2:53,5923,99.4,Buena Park,California,90620,Used,D
453,A,1,12.99,12.99,0,0,12.99,USD,2228,FixedPriceItem,FALSE,0,5/27/19 5:41,5/27/19 2:30,5/27/19 2:30,Monday,2:00 AM,5/27/19 14:03,935,100,Davis,California,95618,Very Good,D
454,A,1,10,10,0,0,10,USD,2228,FixedPriceItem,FALSE,0,4/30/19 0:36,4/30/19 0:57,4/30/19 0:57,Tuesday,12:00 AM,4/30/19 2:46,930,100,Davis,California,95618,Very Good,D
455,A,1,9.99,9.99,0,0,9.99,USD,175837,FixedPriceItem,FALSE,0,5/29/19 4:22,5/29/19 2:30,5/29/19 2:30,Wednesday,2:00 AM,5/29/19 19:07,25,100,Los Angeles,California,90057,For parts ,D
456,A,1,19.82,19.82,0,0,18,USD,175837,FixedPriceItem,FALSE,0,6/22/19 23:07,6/22/19 23:12,6/22/19 23:12,Saturday,11:00 PM,6/24/19 3:29,3619,97.7,Fresno,California,93704,Used,O
457,C,1,27.85,27.85,0,5.85,22,USD,9972,Chinese,FALSE,1,2/11/19 18:44,4/15/19 18:08,,Saturday,12:00 AM,2/14/19 17:06,10,75,El Dorado,Arkansas,71730,Used,D
458,C,1,27.53,27.53,0,5.53,22,USD,175837,FixedPriceItem,FALSE,0,2/15/19 0:17,4/15/19 18:08,,Saturday,12:00 AM,2/27/19 19:07,8,100,Peoria,Arizona,85382,Used,D
459,A,1,20,20,0,0,20,USD,175837,FixedPriceItem,FALSE,0,2/22/19 4:58,2/22/19 4:58,2/22/19 4:58,Friday,4:00 AM,2/22/19 21:43,886,99.5,Maricopa,Arizona,85139,Used,D
460,A,1,20,20,0,0,20,USD,175837,FixedPriceItem,FALSE,0,3/20/19 3:15,3/20/19 3:15,3/20/19 3:15,Wednesday,3:00 AM,3/20/19 20:47,356,100,Somerton,Arizona,85350,Used,D
461,A,1,19.99,19.99,0,0,19.99,USD,175837,FixedPriceItem,FALSE,0,5/24/19 16:34,5/24/19 14:46,5/24/19 14:46,Friday,2:00 PM,5/27/19 15:02,141,95.9,Phoenix,Arizona,85033,Used,D
462,A,1,19.99,19.99,0,0,19.99,USD,175837,FixedPriceItem,FALSE,0,2/28/19 17:27,2/28/19 17:27,2/28/19 17:27,Thursday,5:00 PM,2/28/19 20:05,1895,99.5,Phoenix,Arizona,85043,Used,D
463,A,1,19.97,19.97,0,0,19.97,USD,175837,FixedPriceItem,FALSE,0,6/3/19 3:53,6/3/19 2:30,6/3/19 2:30,Monday,2:00 AM,6/3/19 13:08,530,99.7,Lakeside,Arizona,85929,Used,D
464,A,1,18.5,18.5,0,0,18.5,USD,175837,Chinese,TRUE,8,2/18/19 18:04,2/18/19 18:04,2/18/19 18:04,Monday,6:00 PM,2/25/19 18:31,67,100,Prescott Valley,Arizona,86314,Used,D
465,A,1,16.69,16.69,0,4.69,12,USD,175837,FixedPriceItem,FALSE,0,6/9/19 3:16,6/9/19 2:30,6/9/19 2:30,Sunday,2:00 AM,6/10/19 6:05,291,98.3,Phoenix,Arizona,85032,Used,D
466,A,1,19.05,19.05,0,2.75,16.3,USD,2228,Chinese,FALSE,1,3/28/19 18:27,3/28/19 18:27,3/28/19 18:27,Thursday,6:00 PM,3/29/19 0:37,32,100,Juneau,Alaska,99801,Like New,D
467,A,1,19.88,19.88,0,0,19.88,USD,175837,FixedPriceItem,FALSE,0,4/21/19 0:13,4/21/19 0:13,4/21/19 0:13,Sunday,12:00 AM,4/23/19 3:32,1116,99.7,Opelika,Alabama,36804,Used,D
468,A,1,17.99,17.99,0,0,17.99,USD,175837,FixedPriceItem,FALSE,0,6/2/19 0:31,6/2/19 0:39,6/2/19 0:39,Sunday,12:00 AM,6/3/19 16:51,59,100,Birmingham,Alabama,35242,Used,D
469,A,1,15.73,15.73,0,4.53,11.2,USD,175837,Chinese,FALSE,1,5/20/19 14:19,5/27/19 14:19,5/27/19 14:19,Monday,2:00 PM,5/28/19 22:14,11,100,Mobile,Alabama,36660,Used,D
470,A,1,14.53,14.53,0,4.53,10,USD,175837,FixedPriceItem,FALSE,0,1/8/19 1:50,1/8/19 1:50,1/8/19 1:50,Tuesday,1:00 AM,1/29/19 20:27,734,98.8,Semmes,Alabama,36575,Used,D
471,A,1,19.99,19.99,0,0,19.99,USD,33564,FixedPriceItem,FALSE,0,6/24/19 21:22,6/25/19 2:30,6/25/19 2:30,Tuesday,2:00 AM,6/26/19 1:24,1597,99.1,San Diego,California,92123,Used,O
472,A,1,19.95,19.95,0,0,19.95,USD,175837,FixedPriceItem,FALSE,0,1/1/19 2:57,1/1/19 2:57,1/1/19 2:57,Tuesday,2:00 AM,1/1/19 3:15,33,97.1,\N,Oregon,\N,Used,D
473,A,1,16.2,16.2,0,0,16.2,USD,175837,FixedPriceItem,FALSE,0,6/20/19 20:05,6/30/19 23:28,6/30/19 23:28,Sunday,11:00 PM,7/1/19 21:40,12974,99.7,\N,Georgia,\N,Used,O